"Uni","GPA","Grad","Salary"
"Anderford",1.55,1997,381190
"Anderford",1.7,2011,285929
"Anderford",2.63,2019,203922
"Anderford",3.09,2000,363380
"Anderford",2.06,2019,203923
"Anderford",2.95,1991,414041
"Anderford",3.41,1990,419190
"Anderford",2.27,1995,392499
"Anderford",2.58,2017,228432
"Anderford",2.84,2004,337830
"Anderford",2.13,2020,189793
"Anderford",3.07,1999,369452
"Anderford",3.34,2005,331049
"Anderford",3.83,2004,337822
"Anderford",2.12,1992,408783
"Anderford",1.24,2007,316909
"Anderford",1.13,2013,268613
"Anderford",1.74,1998,375371
"Anderford",3.79,2019,203927
"Anderford",1.13,2006,324069
"Anderford",3.63,1991,414046
"Anderford",3.71,2004,337843
"Anderford",1.68,2001,357228
"Anderford",2.51,1992,408787
"Anderford",3.34,2008,309535
"Anderford",2.22,2020,189773
"Anderford",1.43,2015,249652
"Anderford",1,1997,381185
"Anderford",1.32,2007,316926
"Anderford",3.16,2007,316933
"Anderford",1.44,2022,154703
"Anderford",2,1998,375384
"Anderford",1.13,2008,309545
"Anderford",1.76,2001,357215
"Anderford",2.28,2012,277447
"Anderford",3.56,2014,259392
"Anderford",2.31,2003,344444
"Anderford",2.39,2015,249665
"Anderford",1.45,2011,285918
"Anderford",1.35,2000,363404
"Anderford",3,2011,285946
"Anderford",3.27,2007,316942
"Anderford",2.91,2011,285913
"Anderford",3.74,2004,337815
"Anderford",2.12,2021,173736
"Anderford",1.44,2005,331033
"Anderford",2.47,2021,173712
"Anderford",2.24,1993,403425
"Anderford",2.7,2006,324076
"Anderford",2.92,1990,419208
"Anderford",1.4,2003,344456
"Anderford",1.85,1992,408769
"Anderford",3.2,2013,268639
"Anderford",3.9,2010,294093
"Anderford",2.83,2011,285914
"Anderford",1.13,2004,337810
"Anderford",1.45,2008,309537
"Anderford",1.81,2006,324086
"Anderford",2.89,2006,324084
"Anderford",3.48,1996,386903
"Anderford",1.16,2004,337816
"Anderford",1.06,2006,324068
"Anderford",3.78,2005,331051
"Anderford",1.14,2000,363373
"Anderford",2.83,2023,129876
"Anderford",1.77,2011,285933
"Anderford",3.2,2020,189761
"Anderford",1.31,2008,309537
"Anderford",2.65,2012,277452
"Anderford",2.42,2000,363377
"Anderford",2.17,1995,392494
"Anderford",3.3,2000,363383
"Anderford",1.77,2019,203927
"Anderford",2.96,2010,294088
"Anderford",2.33,2018,216690
"Anderford",1.12,2017,228434
"Anderford",2.53,2021,173728
"Anderford",3.71,2015,249653
"Anderford",1.05,2013,268640
"Anderford",2.59,2004,337812
"Anderford",1.5,2009,301961
"Anderford",1.34,1993,403438
"Anderford",3.02,2012,277457
"Anderford",2.54,1999,369430
"Anderford",1.5,2003,344446
"Anderford",2.63,2014,259397
"Anderford",1.19,2020,189790
"Anderford",3.38,2000,363392
"Anderford",2.81,1991,414028
"Anderford",2.34,1994,398036
"Anderford",1.77,2000,363378
"Anderford",1.97,1991,414025
"Anderford",1.94,1991,414042
"Anderford",1.01,2008,309561
"Anderford",1.9,1997,381172
"Anderford",3.72,2012,277456
"Anderford",3.76,1997,381184
"Anderford",2.28,2018,216688
"Anderford",1.79,2006,324078
"Anderford",3.45,2021,173744
"Anderford",2.87,2016,239382
"Anderford",2.51,2018,216709
"Anderford",2.4,1993,403425
"Anderford",3.53,2017,228442
"Anderford",1.03,2021,173721
"Anderford",1.77,2008,309538
"Anderford",1.38,2008,309566
"Anderford",3.91,2019,203917
"Anderford",1.37,2018,216689
"Anderford",3.64,2022,154710
"Anderford",2.31,2011,285921
"Anderford",2.98,1998,375383
"Anderford",1.04,2016,239380
"Anderford",2.48,2006,324066
"Anderford",1.08,1998,375359
"Anderford",2.62,2004,337810
"Anderford",3.89,2019,203916
"Anderford",1.43,2017,228451
"Anderford",3.44,1997,381195
"Anderford",1.58,2004,337839
"Anderford",2.16,2004,337842
"Anderford",1.71,2010,294078
"Anderford",3.08,2023,129873
"Anderford",1.2,2018,216687
"Anderford",2.05,2005,331051
"Anderford",2.78,1999,369455
"Anderford",2.8,2021,173727
"Anderford",1.31,1995,392523
"Anderford",3.79,1997,381191
"Anderford",2,2018,216697
"Anderford",1.73,2012,277446
"Anderford",3.18,2011,285926
"Anderford",1.86,2009,301946
"Anderford",1.53,1999,369444
"Anderford",1.29,2005,331033
"Anderford",3.8,2002,350895
"Anderford",2.05,2016,239397
"Anderford",2.43,2019,203903
"Anderford",1.97,2014,259371
"Anderford",3.03,2016,239374
"Anderford",1.99,1995,392508
"Anderford",3.54,2017,228443
"Anderford",1.59,2016,239372
"Anderford",1.22,1999,369449
"Anderford",2.69,2018,216699
"Anderford",3.03,2001,357229
"Anderford",2,2022,154707
"Anderford",1.37,2002,350899
"Anderford",1.71,2023,129898
"Anderford",1.55,1999,369449
"Anderford",2.24,2011,285941
"Anderford",3.56,1996,386907
"Anderford",2.74,1995,392493
"Anderford",3.29,2016,239395
"Anderford",3.91,2006,324081
"Anderford",1.12,2017,228449
"Anderford",1.65,1991,414029
"Anderford",2.88,2014,259383
"Anderford",3.27,2012,277467
"Anderford",3.39,2014,259387
"Anderford",2.56,2000,363388
"Anderford",3,2003,344438
"Anderford",1.14,2007,316922
"Anderford",1.38,2006,324071
"Anderford",4,2017,228465
"Anderford",1.83,2023,129879
"Anderford",3.2,2018,216708
"Anderford",2.81,1990,419217
"Anderford",3.42,2000,363374
"Anderford",1.31,2005,331040
"Anderford",1.3,1993,403437
"Anderford",1.11,2010,294077
"Anderford",1.98,1994,398008
"Anderford",2.47,2001,357228
"Anderford",3.03,2006,324100
"Anderford",2.57,2017,228456
"Anderford",3.6,1994,398013
"Anderford",2.77,2021,173721
"Anderford",1.93,2012,277471
"Anderford",3.98,1996,386912
"Anderford",2.77,1990,419205
"Anderford",2.23,2017,228452
"Anderford",1.57,2010,294082
"Anderford",1.02,2022,154698
"Anderford",2.89,1997,381194
"Anderford",2.2,2006,324093
"Anderford",2.47,2019,203912
"Anderford",1.37,1990,419204
"Anderford",1,2008,309562
"Anderford",2.34,2010,294079
"Anderford",1.83,1997,381194
"Anderford",1.36,1997,381191
"Anderford",2.69,1998,375354
"Anderford",1.44,2003,344436
"Anderford",3.61,2023,129881
"Anderford",2.67,2003,344436
"Anderford",3.15,2008,309545
"Anderford",1.17,1998,375381
"Anderford",2.67,2001,357206
"Anderford",1.72,1994,398029
"Anderford",2.31,2012,277470
"Anderford",1.5,1995,392508
"Anderford",2.52,1996,386913
"Anderford",2.49,2006,324095
"Anderford",3.32,2020,189765
"Anderford",1.1,2021,173713
"Anderford",3.79,2023,129895
"Anderford",2.21,2003,344426
"Anderford",1.57,2004,337814
"Anderford",2.01,2017,228447
"Anderford",2.65,2010,294073
"Anderford",3.83,2014,259379
"Anderford",3.88,2003,344445
"Anderford",2.24,2018,216707
"Anderford",2.55,1991,414027
"Anderford",3.26,1997,381181
"Anderford",2.05,2015,249655
"Anderford",2.33,2016,239374
"Anderford",3.55,1991,414016
"Anderford",2.1,1995,392510
"Anderford",2.89,2009,301941
"Anderford",2,1991,414019
"Anderford",1.35,2016,239390
"Anderford",3.43,1997,381198
"Anderford",2.17,1993,403449
"Anderford",1.87,2023,129873
"Anderford",1.42,2012,277447
"Anderford",3.5,1996,386881
"Anderford",1.59,2023,129896
"Anderford",3.73,2015,249661
"Anderford",3.57,1996,386885
"Anderford",1.25,1990,419195
"Anderford",1.37,2002,350893
"Anderford",2.63,1996,386914
"Anderford",3.76,2015,249670
"Anderford",3.45,1999,369429
"Anderford",3.04,2020,189767
"Anderford",2.7,2021,173727
"Anderford",1.01,2016,239379
"Anderford",3.84,1999,369444
"Anderford",3.33,2023,129887
"Anderford",3.44,1991,414039
"Anderford",1.07,2015,249664
"Anderford",1.17,2010,294074
"Anderford",3.64,2006,324094
"Anderford",1.79,2021,173744
"Anderford",2.8,1992,408775
"Anderford",3.9,2019,203902
"Anderford",1.57,2019,203898
"Anderford",1.78,1990,419215
"Anderford",1.6,1995,392499
"Anderford",3.18,1993,403448
"Anderford",1.06,2010,294072
"Anderford",3.74,2021,173716
"Anderford",2.58,1991,414019
"Anderford",1.5,1990,419203
"Anderford",2.1,2001,357217
"Anderford",1.33,2005,331061
"Anderford",1.5,1991,414047
"Anderford",3.59,1990,419196
"Anderford",3.62,2005,331056
"Anderford",3.34,2002,350892
"Anderford",2.06,2011,285927
"Anderford",1.66,1991,414042
"Anderford",1.37,1997,381194
"Anderford",3.45,1990,419198
"Anderford",2.25,1990,419219
"Anderford",1.64,2005,331044
"Anderford",3.25,2018,216691
"Anderford",3.54,2022,154705
"Anderford",1.47,2011,285938
"Anderford",2.66,2003,344443
"Anderford",2.02,2017,228456
"Anderford",2.16,2009,301939
"Anderford",3.03,1991,414028
"Anderford",3.05,2020,189791
"Anderford",2.39,1994,398021
"Anderford",1.65,2019,203908
"Anderford",1.15,1995,392515
"Anderford",2.91,2012,277468
"Anderford",1.21,2001,357213
"Anderford",2.58,2009,301953
"Anderford",3.18,2012,277453
"Anderford",3.57,2011,285923
"Anderford",2.67,2015,249656
"Anderford",1.27,2008,309569
"Anderford",2.81,1997,381191
"Anderford",2.69,2001,357209
"Anderford",1.64,2015,249663
"Anderford",3.26,2017,228433
"Anderford",2.81,2002,350895
"Anderford",1.92,2009,301943
"Anderford",1.65,1998,375372
"Anderford",3.84,2013,268630
"Anderford",3.56,2000,363380
"Anderford",3.81,2015,249676
"Anderford",3.7,1995,392497
"Anderford",2.11,2016,239398
"Anderford",3.18,1991,414044
"Anderford",2.94,1993,403435
"Anderford",1.91,1999,369429
"Anderford",1.67,2017,228466
"Anderford",3.95,2013,268630
"Anderford",3.66,2014,259398
"Anderford",2.02,2019,203902
"Anderford",1.94,2008,309545
"Anderford",1.96,1990,419201
"Anderford",2.06,2019,203898
"Anderford",2.44,1990,419209
"Anderford",3.22,1994,398010
"Anderford",3.35,1997,381175
"Anderford",1.57,2003,344449
"Anderford",3.33,1999,369448
"Anderford",1.61,2009,301937
"BestCollege",1.44,2004,252307
"BestCollege",3.56,1997,316120
"BestCollege",1.87,2009,206724
"BestCollege",2.9,1995,334329
"BestCollege",1.98,2018,124694
"BestCollege",3.73,2015,152023
"BestCollege",1.73,2014,161153
"BestCollege",3.76,2005,243197
"BestCollege",1.35,2019,115566
"BestCollege",2.43,2016,142923
"BestCollege",3.53,2013,170252
"BestCollege",1.61,2008,215838
"BestCollege",2.1,1997,316111
"BestCollege",2.62,1992,361684
"BestCollege",1.37,2005,243177
"BestCollege",1.69,2021,97341
"BestCollege",3.4,2013,170267
"BestCollege",1.7,2008,215827
"BestCollege",1.97,2003,261403
"BestCollege",3.47,1994,343441
"BestCollege",3.32,2009,206717
"BestCollege",1.73,2012,179391
"BestCollege",1.8,1990,379921
"BestCollege",1.84,2004,252312
"BestCollege",3.78,2016,142934
"BestCollege",3.53,2019,115593
"BestCollege",3.77,2002,270536
"BestCollege",2.25,2014,161137
"BestCollege",1.56,1992,361674
"BestCollege",1.98,2005,243184
"BestCollege",3.56,2006,234068
"BestCollege",1.36,2022,88229
"BestCollege",3.51,1993,352584
"BestCollege",2.58,2005,243196
"BestCollege",1.93,2001,279657
"BestCollege",3.89,2005,243177
"BestCollege",2.98,2001,279660
"BestCollege",2.45,2021,97349
"BestCollege",1.06,1998,307007
"BestCollege",3.27,2000,288755
"BestCollege",1.09,1999,297885
"BestCollege",2.71,2011,188498
"BestCollege",1.34,2016,142935
"BestCollege",2.16,2003,261404
"BestCollege",2.13,1998,306983
"BestCollege",1.27,1991,370791
"BestCollege",3.05,2020,106465
"BestCollege",1.3,2023,79105
"BestCollege",1.09,2006,234069
"BestCollege",2.45,2015,152042
"BestCollege",2.2,2017,133809
"BestCollege",1.8,2022,88243
"BestCollege",2.3,2009,206742
"BestCollege",1.49,2013,170256
"BestCollege",3.35,1991,370809
"BestCollege",1.69,1996,325215
"BestCollege",3.2,1999,297872
"BestCollege",3.37,2015,152036
"BestCollege",3.76,2023,79110
"BestCollege",2.68,1997,316105
"BestCollege",3.48,2020,106450
"BestCollege",1.14,1996,325227
"BestCollege",1.95,2015,152036
"BestCollege",3.84,2010,197605
"BestCollege",1.55,2016,142915
"BestCollege",2.55,1998,306988
"BestCollege",2.89,2012,179392
"BestCollege",3,1992,361679
"BestCollege",2.94,1998,306988
"BestCollege",3.62,2004,252302
"BestCollege",3.62,2021,97355
"BestCollege",2.14,2003,261419
"BestCollege",1.58,2008,215852
"BestCollege",3.86,2021,97354
"BestCollege",3.54,2008,215837
"BestCollege",1.61,2009,206731
"BestCollege",1.42,2014,161167
"BestCollege",1.31,2022,88236
"BestCollege",3.01,2008,215843
"BestCollege",3.57,1996,325215
"BestCollege",1.2,1995,334333
"BestCollege",2.54,2003,261418
"BestCollege",1.87,1990,379918
"BestCollege",1.68,1992,361688
"BestCollege",3.83,2014,161140
"BestCollege",2.89,2014,161139
"BestCollege",2.1,1999,297888
"BestCollege",2.53,2012,179372
"BestCollege",2.48,2020,106450
"BestCollege",1.36,1991,370795
"BestCollege",2.62,2020,106475
"BestCollege",1.86,2017,133806
"BestCollege",1.73,1995,334324
"BestCollege",1.42,2004,252287
"BestCollege",2.28,2001,279637
"BestCollege",1.4,1991,370816
"BestCollege",1.22,1992,361681
"BestCollege",1.42,2017,133810
"BestCollege",1.07,2020,106452
"BestCollege",2,2006,234082
"BestCollege",3.45,2021,97360
"BestCollege",3.86,2001,279656
"BestCollege",2.85,2020,106460
"BestCollege",2.82,2017,133809
"BestCollege",2.22,2002,270539
"BestCollege",1.74,1997,316093
"BestCollege",3.17,2004,252313
"BestCollege",2.45,2011,188499
"BestCollege",3.94,2023,79117
"BestCollege",1.89,2020,106460
"BestCollege",3.62,2001,279661
"BestCollege",1.63,2017,133790
"BestCollege",2.6,2000,288771
"BestCollege",1.43,1991,370812
"BestCollege",3.14,2021,97355
"BestCollege",2.45,1993,352556
"BestCollege",2.55,2021,97331
"BestCollege",3.54,2019,115571
"BestCollege",1.22,2000,288752
"BestCollege",3.21,1999,297865
"BestCollege",1.49,2004,252287
"BestCollege",3.57,1993,352564
"BestCollege",3.63,2007,224955
"BestCollege",3.38,2019,115588
"BestCollege",2.64,2017,133821
"BestCollege",2.51,2000,288764
"BestCollege",3.29,2015,152025
"BestCollege",2.95,2020,106457
"BestCollege",1.51,2017,133810
"BestCollege",2.12,2017,133820
"BestCollege",3.65,1994,343462
"BestCollege",2.54,2004,252319
"BestCollege",3.15,2014,161155
"BestCollege",3.11,2005,243185
"BestCollege",1.58,1991,370798
"BestCollege",2.43,2015,152028
"BestCollege",2.76,2005,243181
"BestCollege",3.84,2003,261425
"BestCollege",3.26,1990,379909
"BestCollege",1.74,1990,379923
"BestCollege",2.3,2015,152037
"BestCollege",3.78,2010,197626
"BestCollege",3.73,2020,106475
"BestCollege",2.93,2013,170254
"BestCollege",1.18,1999,297870
"BestCollege",3.97,2009,206728
"BestCollege",3.58,1993,352569
"BestCollege",1.3,1996,325232
"BestCollege",3.07,2002,270535
"BestCollege",3.73,2005,243179
"BestCollege",2.05,2007,224968
"BestCollege",1.75,2002,270520
"BestCollege",1.67,1991,370799
"BestCollege",2.72,2002,270518
"BestCollege",1.05,2009,206736
"BestCollege",1.85,2004,252303
"BestCollege",1.38,2013,170252
"BestCollege",1.42,2005,243188
"BestCollege",3.04,2019,115585
"BestCollege",2.62,1998,306989
"BestCollege",2.26,2013,170268
"BestCollege",2.06,2013,170266
"BestCollege",2.89,1994,343443
"BestCollege",3.37,2012,179367
"BestCollege",2.87,2020,106444
"BestCollege",3.74,1998,307005
"BestCollege",1.93,2014,161147
"BestCollege",1.13,2021,97348
"BestCollege",1.96,2020,106470
"BestCollege",1.68,2002,270526
"BestCollege",3.21,2006,234078
"BestCollege",1.29,2014,161146
"BestCollege",3.65,2017,133801
"BestCollege",3.47,1993,352581
"BestCollege",1.38,2007,224959
"BestCollege",1.04,2015,152032
"BestCollege",2.74,2023,79117
"BestCollege",1.06,2017,133823
"BestCollege",3.9,2008,215834
"BestCollege",3.7,2021,97358
"BestCollege",1.43,2018,124692
"BestCollege",2.42,2001,279641
"BestCollege",3.82,2006,234076
"BestCollege",3.59,2011,188486
"BestCollege",3.56,1993,352562
"BestCollege",3.37,2002,270542
"BestCollege",1.14,1992,361689
"BestCollege",2,2006,234074
"BestCollege",2.63,2013,170271
"BestCollege",1.06,2019,115585
"BestCollege",3.19,2021,97353
"BestCollege",1.73,1992,361674
"BestCollege",1.38,1999,297889
"BestCollege",2.52,2005,243190
"BestCollege",1.15,2022,88236
"BestCollege",3.18,2012,179381
"BestCollege",2.38,2016,142926
"BestCollege",3.59,2016,142934
"BestCollege",2.72,1990,379916
"BestCollege",3.29,1991,370805
"BestCollege",3.37,2015,152043
"BestCollege",2.98,1994,343451
"BestCollege",3.8,2023,79101
"BestCollege",3.73,1996,325222
"BestCollege",2.77,1999,297888
"BestCollege",1.93,2017,133809
"BestCollege",3.6,1993,352564
"BestCollege",2.99,1996,325218
"BestCollege",2.85,2017,133823
"BestCollege",2.47,2022,88233
"BestCollege",1.51,2019,115568
"BestCollege",1.22,1990,379902
"BestCollege",3.08,1995,334324
"BestCollege",2.45,2008,215837
"BestCollege",1.91,2003,261433
"BestCollege",3.66,1994,343467
"BestCollege",2.69,2016,142914
"BestCollege",1.23,2007,224957
"BestCollege",2.71,1996,325234
"BestCollege",1.54,1991,370815
"BestCollege",1.09,2020,106464
"BestCollege",2,2000,288765
"BestCollege",2.97,2019,115589
"BestCollege",3.11,2002,270546
"BestCollege",1.03,2006,234063
"BestCollege",3.39,2011,188502
"BestCollege",2.19,1991,370789
"BestCollege",1.6,2013,170260
"BestCollege",2.95,1993,352583
"BestCollege",2.63,1994,343467
"BestCollege",3.23,2001,279639
"BestCollege",1.88,2014,161163
"BestCollege",1.85,2017,133791
"BestCollege",2.77,2022,88218
"BestCollege",1.83,2003,261429
"BestCollege",3.44,1996,325229
"BestCollege",2.92,1991,370801
"BestCollege",3.58,2019,115591
"BestCollege",2.39,2020,106478
"BestCollege",1.14,2001,279652
"BestCollege",3.68,2014,161157
"BestCollege",1.21,2020,106470
"BestCollege",1.22,1997,316105
"BestCollege",1.66,2005,243203
"BestCollege",2.56,2005,243181
"BestCollege",3.28,2000,288768
"BestCollege",3.92,2019,115592
"BestCollege",2.77,2019,115560
"BestCollege",1.77,2014,161139
"BestCollege",2.89,1996,325223
"BestCollege",3.81,2016,142930
"BestCollege",3.89,1997,316120
"BestCollege",2.42,2017,133813
"BestCollege",2.63,1997,316098
"BestCollege",2.67,2009,206720
"BestCollege",2.84,2023,79111
"BestCollege",2.85,1990,379932
"BestCollege",1.46,2004,252298
"BestCollege",3.11,2009,206719
"BestCollege",2.23,1991,370785
"BestCollege",2.83,2006,234074
"BestCollege",1.57,2018,124701
"BestCollege",2.22,2007,224963
"BestCollege",2.64,2012,179370
"BestCollege",1.71,2006,234091
"BestCollege",2.84,1997,316096
"BestCollege",3.73,2019,115584
"BestCollege",3.88,2019,115567
"BestCollege",3.14,2019,115592
"BestCollege",3.26,2009,206721
"BestCollege",2.48,1996,325217
"BestCollege",2.75,2017,133810
"BestCollege",3.92,1991,370786
"BestCollege",1.33,2019,115561
"BestCollege",3.9,2004,252315
"BestCollege",1.31,1997,316097
"BestCollege",3.82,2023,79099
"BestCollege",1.34,1994,343449
"BestCollege",2.51,1994,343442
"BestCollege",3.7,2007,224959
"BestCollege",2.95,1991,370810
"BestCollege",3.46,1991,370814
"BestCollege",2.19,2018,124690
"BestCollege",1.5,1992,361679
"BestCollege",1.3,2022,88240
"BestCollege",2.01,2019,115580
"BestCollege",2.7,2003,261434
"BestCollege",1.64,1992,361699
"BestCollege",3.4,2007,224969
"BestCollege",3.47,1999,297863
"BestCollege",3.23,2001,279655
"BestCollege",3.47,2018,124688
"BestCollege",2.76,1991,370809
"BestCollege",1.2,1998,307005
"BestCollege",3.76,1993,352573
"BestCollege",3.71,2002,270531
"BestCollege",1.71,2006,234090
"BestCollege",2.04,1997,316119
"BestCollege",3.63,1995,334342
"BestCollege",2.6,2003,261416
"BestCollege",3.63,2015,152047
"BestCollege",2.89,2012,179393
"BestCollege",1.82,2012,179371
"BestCollege",1.6,2013,170269
"BestCollege",3.73,2019,115577
"BestCollege",1.1,2004,252299
"BestCollege",3.07,2013,170250
"BestCollege",1.15,2005,243190
"BestCollege",1.51,2013,170269
"BestCollege",3.08,2010,197607
"BestCollege",1.88,1994,343441
"BestCollege",2.03,2015,152051
"BestCollege",3.67,2022,88228
"BestCollege",3.77,1996,325240
"BestCollege",3.35,2014,161149
"BestCollege",1.05,2002,270540
"BestCollege",2.37,2003,261431
"BestCollege",3.65,1992,361681
"BestCollege",2,2022,88222
"BestCollege",2.81,1992,361679
"BestCollege",2.51,2020,106452
"BestCollege",2.53,2001,279639
"BestCollege",2.78,2018,124675
"BestCollege",2.09,2023,79107
"Kingston",2.07,2017,115866
"Kingston",3.14,2007,181367
"Kingston",2.46,2010,161730
"Kingston",3.99,2008,174824
"Kingston",3.66,2023,76548
"Kingston",2.53,2021,89671
"Kingston",1.32,2011,155181
"Kingston",3.53,2009,168278
"Kingston",1.06,2020,96199
"Kingston",3.67,2007,181362
"Kingston",3.09,2011,155154
"Kingston",2.33,2018,109320
"Kingston",1.99,1995,259988
"Kingston",3.95,1991,286176
"Kingston",2.25,1990,292750
"Kingston",1.9,2015,128949
"Kingston",1.96,1997,246867
"Kingston",2.93,2008,174806
"Kingston",1.84,2003,207559
"Kingston",2.71,2015,128961
"Kingston",1.95,1998,240332
"Kingston",2.81,2018,109291
"Kingston",3.63,2008,174825
"Kingston",3.47,2011,155181
"Kingston",2.21,2016,122393
"Kingston",1.01,1997,246891
"Kingston",2.45,2017,115842
"Kingston",3.96,1998,240344
"Kingston",2.94,2011,155170
"Kingston",2.86,1995,259984
"Kingston",1.76,1990,292752
"Kingston",2.74,2009,168280
"Kingston",1.59,2013,142058
"Kingston",1.31,2004,201028
"Kingston",3.37,2014,135525
"Kingston",2.22,2004,201036
"Kingston",2.49,2012,148606
"Kingston",3.52,2017,115849
"Kingston",3.03,2019,102754
"Kingston",1.67,2001,220670
"Kingston",1.45,2003,207589
"Kingston",1.74,2009,168275
"Kingston",1.17,2014,135511
"Kingston",2.59,2019,102743
"Kingston",1.17,2021,89654
"Kingston",3.38,1996,253450
"Kingston",3.75,2008,174808
"Kingston",1.11,2014,135515
"Kingston",1.53,2016,122411
"Kingston",2.21,2019,102765
"Kingston",1.44,2021,89646
"Kingston",3.5,2002,214130
"Kingston",2.71,2020,96189
"Kingston",3,1991,286206
"Kingston",3.17,1998,240319
"Kingston",1.86,2022,83095
"Kingston",1.46,1991,286187
"Kingston",1.94,1990,292739
"Kingston",1.08,2001,220680
"Kingston",1.64,2023,76553
"Kingston",3.11,2017,115870
"Kingston",2.69,2013,142060
"Kingston",1.44,2022,83103
"Kingston",3.54,2003,207576
"Kingston",3.89,1999,233778
"Kingston",3.62,2004,201018
"Kingston",3.64,2003,207588
"Kingston",3.82,2000,227240
"Kingston",2.19,2010,161734
"Kingston",1.81,2003,207573
"Kingston",1.8,1995,259984
"Kingston",1.62,1994,266535
"Kingston",2.59,2022,83115
"Kingston",2.82,2006,187923
"Kingston",2.39,2010,161723
"Kingston",2,2008,174808
"Kingston",2.51,2021,89653
"Kingston",3.63,2023,76557
"Kingston",2.49,2015,128945
"Kingston",3.6,2016,122405
"Kingston",3.14,1993,273075
"Kingston",1.46,1997,246885
"Kingston",3.54,2018,109300
"Kingston",3.08,2013,142064
"Kingston",1.64,2020,96192
"Kingston",3.65,1993,273092
"Kingston",3.81,1997,246869
"Kingston",2.03,2017,115864
"Kingston",2.45,2012,148608
"Kingston",3.73,2017,115862
"Kingston",2.01,2009,168279
"Kingston",2.34,2021,89664
"Kingston",3.5,1996,253423
"Kingston",1.73,2017,115850
"Kingston",3.9,2018,109309
"Kingston",2.42,1990,292735
"Kingston",2.06,1994,266533
"Kingston",1.49,2018,109313
"Kingston",3.82,2022,83112
"Kingston",2.94,2002,214115
"Kingston",1.19,2006,187923
"Kingston",1.25,2017,115871
"Kingston",2.75,2019,102754
"Kingston",1.15,2003,207572
"Kingston",3.43,2009,168260
"Kingston",2.05,2011,155165
"Kingston",1.93,2009,168279
"Kingston",2.95,2009,168257
"Kingston",1.69,2018,109320
"Kingston",3.96,2007,181382
"Kingston",3.75,2015,128961
"Kingston",3.44,2019,102761
"Kingston",1.09,2023,76568
"Kingston",1.88,2004,201029
"Kingston",3.97,2018,109307
"Kingston",1.21,2011,155160
"Kingston",2,2020,96222
"Kingston",1.02,2015,128952
"Kingston",2.77,2015,128959
"Kingston",1.33,2019,102748
"Kingston",1.65,2023,76536
"Kingston",1.37,2003,207591
"Kingston",1.45,1996,253419
"Kingston",1.76,2012,148613
"Kingston",1.28,2011,155155
"Kingston",3.1,2000,227246
"Kingston",1.6,2007,181385
"Kingston",3.07,2000,227230
"Kingston",1.44,1998,240347
"Kingston",1.63,2012,148621
"Kingston",1.31,1995,259990
"Kingston",2.68,2016,122400
"Kingston",3.7,1991,286194
"Kingston",2.25,2010,161730
"Kingston",3.32,2010,161710
"Kingston",1.63,1992,279633
"Kingston",2.21,2022,83093
"Kingston",1.51,2022,83109
"Kingston",3.43,2016,122401
"Kingston",2.11,2020,96191
"Kingston",2.33,2020,96194
"Kingston",3.75,2021,89662
"Kingston",3.38,2002,214119
"Kingston",3.3,1995,259991
"Kingston",2.96,1992,279630
"Kingston",2.62,2014,135495
"Kingston",3.14,1990,292748
"Kingston",1.97,2014,135502
"Kingston",2.99,2001,220688
"Kingston",2.44,1995,259973
"Kingston",3.59,2014,135527
"Kingston",2.27,2003,207586
"Kingston",3.78,1995,259968
"Kingston",1.82,1994,266543
"Kingston",2.19,2010,161724
"Kingston",1.42,2004,201014
"Kingston",3.02,2003,207571
"Kingston",3.17,2006,187919
"Kingston",1.37,2020,96201
"Kingston",3.26,2021,89664
"Kingston",3.62,2007,181354
"Kingston",2.1,1995,259970
"Kingston",3.61,1999,233780
"Kingston",1.37,1999,233780
"Kingston",3.4,2002,214116
"Kingston",2.44,2007,181374
"Kingston",3.01,2006,187927
"Kingston",1.66,2013,142069
"Kingston",3.26,2003,207562
"Kingston",1.14,2016,122398
"Kingston",2.08,2012,148631
"Kingston",2.87,1991,286181
"Kingston",2.93,2005,194463
"Kingston",3.61,2014,135518
"Kingston",3.58,1998,240327
"Kingston",2.28,2005,194475
"Kingston",1.6,1991,286176
"Kingston",1.98,2002,214136
"Kingston",1.87,2002,214122
"Kingston",2.22,2006,187934
"Kingston",2.38,1991,286207
"Kingston",1.73,2011,155168
"Kingston",2.33,2018,109302
"Kingston",2.16,2003,207591
"Kingston",1.43,2022,83110
"Kingston",1.19,2001,220680
"Kingston",2.09,2006,187911
"Kingston",1.52,1991,286195
"Kingston",3.63,1991,286205
"Kingston",2.63,2016,122416
"Kingston",1.9,2015,128967
"Kingston",1.88,1996,253421
"Kingston",1.29,2021,89645
"Kingston",1.74,1993,273089
"Kingston",2.64,2016,122413
"Kingston",1.87,2013,142059
"Kingston",1.82,2008,174814
"Kingston",3.69,2023,76554
"Kingston",2.51,2021,89661
"Kingston",3.24,2021,89654
"Kingston",2.15,2011,155156
"Kingston",2.31,1993,273082
"Kingston",3.66,2020,96211
"Kingston",3.49,2012,148601
"Kingston",1.94,2005,194488
"Kingston",3.63,2016,122398
"Kingston",1.08,2018,109321
"Kingston",3.32,2014,135495
"Kingston",1.31,2021,89658
"Kingston",3.86,2012,148618
"Kingston",2.71,1997,246887
"Kingston",1.87,2021,89652
"Kingston",3.92,2016,122416
"Kingston",1.42,1997,246890
"Kingston",1.64,1995,259996
"Kingston",2.36,2012,148618
"Kingston",3.45,2013,142068
"Kingston",2.17,1999,233771
"Kingston",3.1,1999,233788
"Kingston",1.49,2003,207567
"Kingston",2.7,1991,286198
"Kingston",2.52,2010,161703
"Kingston",1.2,2013,142066
"Kingston",2.27,2014,135502
"Kingston",3.82,2003,207584
"Kingston",3.79,2000,227246
"Kingston",1.83,2003,207576
"Kingston",2.36,2020,96214
"Kingston",1.24,2019,102768
"Kingston",3.75,1990,292727
"Kingston",2,2017,115852
"Kingston",3.82,2023,76534
"Kingston",2.83,2009,168271
"Kingston",2.92,1998,240323
"Kingston",2.52,2021,89654
"Kingston",1.15,2014,135518
"Kingston",2.6,1996,253422
"Kingston",3.39,1993,273091
"Kingston",1.68,1990,292754
"Kingston",2.79,2002,214118
"Kingston",3.59,1993,273074
"Kingston",1.14,2016,122401
"Kingston",1.46,2019,102770
"Kingston",3.73,2017,115862
"Kingston",3.63,2018,109295
"Kingston",1.37,1991,286197
"Kingston",3.53,1999,233768
"Kingston",2.64,2018,109324
"Kingston",1.88,2002,214137
"Kingston",2.09,2011,155163
"Kingston",3.21,2016,122409
"Kingston",1.02,2015,128957
"Kingston",3.14,2005,194457
"Kingston",1.74,2017,115864
"Kingston",3.95,2011,155181
"Kingston",3.22,2012,148606
"Kingston",1.23,1996,253417
"Kingston",1.52,2007,181381
"Kingston",3,2021,89645
"Kingston",1.96,2018,109293
"Kingston",2.69,2021,89639
"Kingston",3.81,1993,273089
"Kingston",2.09,1999,233773
"Kingston",3.91,2023,76535
"Kingston",3.02,2015,128962
"Kingston",1.73,1998,240338
"Kingston",2.24,2023,76546
"Kingston",2.46,2001,220675
"Kingston",3.33,1993,273079
"Kingston",3.19,1996,253449
"Kingston",2.41,1991,286188
"Kingston",1.65,2000,227217
"Kingston",2.9,2003,207579
"Kingston",3.12,2007,181357
"Kingston",3.96,2021,89643
"Kingston",3.4,2000,227243
"Kingston",1.08,2000,227212
"Kingston",1.21,2002,214128
"Kingston",3.56,2010,161706
"Kingston",1,2023,76535
"Kingston",2.71,2010,161701
"Kingston",3.38,2012,148623
"Kingston",2.8,2009,168276
"Kingston",3.58,2023,76541
"Kingston",3.81,2017,115874
"Kingston",1.2,1999,233785
"Kingston",1.04,2013,142050
"Kingston",1.03,1997,246894
"Kingston",3.63,1996,253423
"Kingston",3.95,2010,161717
"Kingston",1.85,2021,89643
"Kingston",3.57,2006,187930
"Kingston",1.95,2023,76561
"Kingston",1.01,2016,122425
"Kingston",3.06,1996,253434
"Kingston",3.17,2009,168260
"Kingston",2.41,1998,240337
"Kingston",1.59,1990,292730
"Kingston",1.98,2012,148624
"Kingston",1.56,1998,240339
"Kingston",3.82,2002,214129
"Kingston",3.81,2007,181372
"Kingston",1.37,2007,181376
"Kingston",2.72,2002,214129
"Kingston",1.64,2017,115845
"Kingston",3.26,2021,89660
"Kingston",2.3,1994,266535
"Kingston",1.8,1999,233783
"Kingston",3.67,2014,135504
"Kingston",2.53,2001,220685
"Kingston",1.07,2012,148600
"Kingston",3.17,2003,207561
"Kingston",1.82,1996,253421
"Kingston",2.71,2014,135518
"Kingston",2.26,1994,266547
"Kingston",3.23,1996,253450
"Kingston",2.13,2012,148600
"Kingston",3.69,2015,128961
"Kingston",3.7,2011,155161
"Kingston",1.32,2009,168262
"Kingston",2.93,2011,155178
"Kingston",2.62,2020,96212
"Kingston",3.58,2012,148618
"Kingston",1.98,2004,201038
"Kingston",3.02,2014,135520
"Kingston",1.84,2002,214125
"Kingston",1.6,1999,233784
"Kingston",2.07,1995,259992
"Kingston",2.29,1993,273085
"Kingston",3.13,2020,96199
"Kingston",1.46,1995,259968
"Kingston",3.68,1995,259977
"Kingston",1.69,1998,240323
"Kingston",1.75,2005,194467
"Kingston",3.17,2007,181356
"Kingston",2.62,2016,122424
"Kingston",3.88,2010,161712
"Kingston",1.48,2022,83117
"Kingston",1.75,1997,246899
"Kingston",2.98,1996,253421
"Kingston",3.11,2022,83104
"Kingston",3.78,2004,201027
"Kingston",3.91,2013,142054
"Kingston",2.2,2014,135518
"Kingston",3.17,2010,161728
"Kingston",2.52,1994,266521
"Kingston",3.13,2023,76558
"Kingston",2.28,1992,279641
"Kingston",2.74,2009,168267
"Kingston",2.51,2018,109301
"Kingston",1.63,2005,194470
"Kingston",1.29,1995,259969
"Kingston",2.09,2019,102754
"Kingston",3.78,2008,174828
"Kingston",3.58,2003,207574
"Kingston",2.92,2014,135505
"Kingston",3.62,1995,259993
"Kingston",1.1,2017,115843
"Kingston",2.33,2007,181372
"Kingston",2.22,2023,76568
"Kingston",1.82,1998,240323
"Kingston",2.9,2007,181380
"Kingston",3.41,1998,240341
"Kingston",2.59,2018,109320
"Kingston",2.45,2018,109298
"Kingston",3.64,2007,181372
"Kingston",2.86,1996,253448
"Kingston",2.09,2001,220661
"Kingston",2.91,2015,128949
"Kingston",2.01,2000,227221
"Kingston",1.62,2005,194482
"Kingston",3.64,1999,233765
"Kingston",1.76,2009,168282
"Lombard",3.37,2002,397741
"Lombard",2.42,1998,426312
"Lombard",2.71,1992,465282
"Lombard",2.69,1991,471405
"Lombard",2.6,2007,358113
"Lombard",1.01,2007,358115
"Lombard",2.88,2023,139877
"Lombard",2.69,2013,301735
"Lombard",2.76,2017,254860
"Lombard",1.86,2005,374588
"Lombard",2.42,2010,331460
"Lombard",1.55,2013,301750
"Lombard",3.34,1996,439739
"Lombard",1.66,1993,459061
"Lombard",3.37,1991,471390
"Lombard",1.99,2001,405116
"Lombard",3.74,2018,241146
"Lombard",3.54,1999,419394
"Lombard",1.33,2006,366469
"Lombard",3.65,2003,390210
"Lombard",2.77,2014,290971
"Lombard",2.26,1994,452736
"Lombard",1.84,2003,390202
"Lombard",3.39,1996,439748
"Lombard",2.32,2004,382478
"Lombard",3.29,2009,340637
"Lombard",3.87,1992,465286
"Lombard",1.44,2016,267625
"Lombard",2.3,1999,419387
"Lombard",3.25,1999,419388
"Lombard",3.03,2023,139873
"Lombard",3.95,1996,439744
"Lombard",3.15,2015,279618
"Lombard",2.31,2007,358111
"Lombard",2.54,1993,459038
"Lombard",3.52,1990,477433
"Lombard",2.49,2009,340621
"Lombard",2,1998,426306
"Lombard",1.78,2005,374577
"Lombard",3.16,2017,254892
"Lombard",3.88,1998,426288
"Lombard",3.65,1995,446309
"Lombard",1.29,1991,471395
"Lombard",1.95,2000,412333
"Lombard",1.6,1995,446306
"Lombard",3.88,2004,382487
"Lombard",3.55,2016,267632
"Lombard",2.9,2007,358110
"Lombard",3.04,2014,290972
"Lombard",1.72,1993,459051
"Lombard",1.5,2019,226251
"Lombard",1.52,2017,254858
"Lombard",2.37,1999,419386
"Lombard",2.55,1999,419377
"Lombard",3.95,2004,382488
"Lombard",1.77,2012,312054
"Lombard",3.02,1998,426307
"Lombard",1.64,1998,426298
"Lombard",3.52,2006,366461
"Lombard",2.37,2016,267632
"Lombard",2.33,2016,267652
"Lombard",1.84,2002,397755
"Lombard",2.63,2023,139878
"Lombard",1.69,1997,433102
"Lombard",2.6,1994,452718
"Lombard",2.72,2021,191042
"Lombard",3.22,2003,390228
"Lombard",2.9,1995,446303
"Lombard",3.02,1997,433082
"Lombard",3.53,2013,301753
"Lombard",1.67,2011,321945
"Lombard",2.19,1992,465279
"Lombard",3.18,2004,382510
"Lombard",3.67,2012,312071
"Lombard",3.36,2010,331456
"Lombard",1.32,2015,279642
"Lombard",2.25,1998,426308
"Lombard",1.25,2019,226239
"Lombard",3.78,2011,321925
"Lombard",3.23,1990,477455
"Lombard",3.62,2023,139862
"Lombard",3.59,2020,209739
"Lombard",2.35,1992,465266
"Lombard",1.09,2006,366446
"Lombard",3.48,2015,279632
"Lombard",3.78,2008,349519
"Lombard",2.29,1996,439757
"Lombard",3.71,2009,340630
"Lombard",3.36,2000,412306
"Lombard",2.74,2001,405114
"Lombard",2.92,2021,191039
"Lombard",2.67,2000,412333
"Lombard",1.52,2019,226264
"Lombard",3.18,2020,209749
"Lombard",2.93,2004,382507
"Lombard",2.19,2008,349494
"Lombard",2.09,2023,139865
"Lombard",1.48,1995,446296
"Lombard",1.21,2023,139863
"Lombard",2.35,1990,477428
"Lombard",3.68,2022,168812
"Lombard",1.44,2018,241155
"Lombard",2.8,2010,331467
"Lombard",2.97,1996,439747
"Lombard",1.46,2005,374580
"Lombard",1.63,2014,290952
"Lombard",2.39,2006,366455
"Lombard",2.62,2006,366462
"Lombard",2.83,1994,452739
"Lombard",2.66,1994,452718
"Lombard",2.61,2023,139892
"Lombard",1.23,2004,382508
"Lombard",1.37,1990,477434
"Lombard",1.21,2013,301748
"Lombard",2.28,1995,446298
"Lombard",1.18,2016,267626
"Lombard",1.47,2015,279620
"Lombard",3.5,2008,349507
"Lombard",1.4,1998,426287
"Lombard",2.41,2006,366458
"Lombard",3.05,1994,452739
"Lombard",2.55,2023,139877
"Lombard",3.9,2013,301748
"Lombard",1.57,2009,340632
"Lombard",1.61,2014,290975
"Lombard",2.21,1995,446289
"Lombard",3.98,2002,397735
"Lombard",2.73,2019,226243
"Lombard",3.61,2008,349507
"Lombard",1.22,1997,433094
"Lombard",2.92,1992,465261
"Lombard",3.04,2021,191045
"Lombard",3.55,2021,191016
"Lombard",2.55,2007,358090
"Lombard",3.3,1990,477456
"Lombard",1.28,2004,382493
"Lombard",3.12,2007,358097
"Lombard",3.16,2001,405126
"Lombard",2.92,2006,366458
"Lombard",3.01,2002,397734
"Lombard",3.12,2010,331439
"Lombard",3.44,2017,254888
"Lombard",2.53,2010,331436
"Lombard",2.76,2016,267634
"Lombard",1.86,2009,340626
"Lombard",3.84,1997,433095
"Lombard",2.71,1997,433093
"Lombard",3.97,1993,459068
"Lombard",1.4,2014,290955
"Lombard",1.42,2016,267650
"Lombard",3.07,2023,139878
"Lombard",3.61,1995,446307
"Lombard",1.2,1990,477459
"Lombard",3.97,2014,290950
"Lombard",2.2,2017,254872
"Lombard",3.89,2004,382481
"Lombard",3.75,1997,433085
"Lombard",2.68,1995,446302
"Lombard",1.48,2020,209751
"Lombard",3.08,2003,390201
"Lombard",2.67,2019,226250
"Lombard",2.5,2019,226240
"Lombard",1.63,2009,340637
"Lombard",3.93,2016,267653
"Lombard",3.4,2003,390204
"Lombard",1.31,1996,439751
"Lombard",1.86,1992,465287
"Lombard",2.21,2003,390213
"Lombard",2.75,2017,254865
"Lombard",1.92,2000,412318
"Lombard",1.84,2013,301754
"Lombard",2.56,1998,426284
"Lombard",3.8,2016,267648
"Lombard",1.64,2020,209736
"Lombard",2.03,2014,290954
"Lombard",1.26,2023,139873
"Lombard",3.57,2001,405118
"Lombard",1.37,2016,267644
"Lombard",2.14,1990,477449
"Lombard",2.63,1994,452713
"Lombard",3.92,2002,397744
"Lombard",2.47,2001,405098
"Lombard",1.26,2002,397741
"Lombard",2.09,2014,290981
"Lombard",3.82,1996,439740
"Lombard",2.89,2010,331459
"Lombard",1.31,1992,465292
"Lombard",1.76,2022,168826
"Lombard",1.79,1991,471393
"Lombard",1.55,2010,331463
"Lombard",1.02,2004,382502
"Lombard",2.62,2015,279635
"Lombard",2.9,2010,331450
"Lombard",2.17,1999,419368
"Lombard",1.77,2009,340616
"Lombard",2.07,2002,397761
"Lombard",3.26,2006,366448
"Lombard",2.87,2001,405100
"Lombard",1,2017,254864
"Lombard",1.11,1999,419374
"Lombard",2.36,2017,254881
"Lombard",2.95,2008,349509
"Lombard",2.65,2002,397743
"Lombard",3.77,2013,301756
"Lombard",3.97,1999,419393
"Lombard",3.69,2014,290975
"Lombard",1.19,1996,439749
"Lombard",3.8,1999,419391
"Lombard",1.95,2013,301745
"Lombard",2.38,2007,358096
"Lombard",2.62,1992,465271
"Lombard",2.75,2008,349490
"Lombard",2.54,2013,301741
"Lombard",2.36,2022,168807
"Lombard",1.33,2004,382494
"Lombard",1.4,2008,349512
"Lombard",1.07,2017,254865
"Lombard",2.69,2014,290961
"Lombard",1.12,2003,390211
"Lombard",2.4,1992,465284
"Lombard",2.43,1998,426305
"Lombard",2.83,1998,426312
"Lombard",2.65,2017,254859
"Lombard",1.99,2009,340620
"Lombard",3.21,1992,465272
"Lombard",2.45,1995,446305
"Lombard",1.71,2010,331456
"Lombard",3.47,2005,374574
"Lombard",3.17,2014,290967
"Lombard",2.33,1993,459061
"Lombard",3.69,2004,382482
"Lombard",2.98,1994,452727
"Lombard",1.18,2022,168825
"Lombard",1.84,2011,321932
"Lombard",1.9,2014,290967
"Lombard",3.58,2016,267650
"Lombard",3.95,2008,349516
"Lombard",1.52,1998,426308
"Lombard",3.58,1997,433091
"Lombard",2.78,2020,209741
"Lombard",3.69,2009,340618
"Lombard",1.09,2000,412322
"Lombard",1.26,2000,412330
"Lombard",2.38,1997,433103
"Lombard",3.45,2012,312053
"Lombard",3.99,2020,209743
"Lombard",2.51,2016,267646
"Lombard",2.96,2004,382493
"Lombard",1.89,2017,254890
"Lombard",3.52,2002,397762
"Lombard",1.26,2018,241157
"Lombard",2.63,1997,433073
"Lombard",3.98,1992,465287
"Lombard",2.89,1994,452744
"Lombard",3.13,2003,390196
"Lombard",2.31,1991,471398
"Lombard",2.55,2006,366442
"Lombard",2.9,2020,209745
"Lombard",2.28,2002,397731
"Lombard",1.43,2010,331451
"Lombard",1.49,2008,349506
"Lombard",2.36,1999,419392
"Lombard",2.92,2013,301735
"Lombard",2.73,1995,446311
"Lombard",3.87,2019,226230
"Lombard",2.1,1997,433092
"Lombard",1.53,2013,301769
"Lombard",2.41,2006,366467
"Lombard",3.73,2003,390216
"Lombard",3.42,2014,290953
"Lombard",2.68,2005,374586
"Lombard",1.84,1993,459055
"Lombard",2.31,2023,139875
"Lombard",2.21,2009,340612
"Lombard",3.44,1996,439763
"Lombard",2.56,1999,419376
"Lombard",2.6,1994,452724
"Lombard",2,1990,477459
"Lombard",1.76,1994,452737
"Lombard",3.4,2003,390209
"Lombard",3.75,1992,465279
"Lombard",1.87,2023,139875
"Lombard",2.46,1991,471399
"Lombard",1.6,2010,331453
"Lombard",2.63,2013,301741
"Lombard",3.18,2014,290965
"Lombard",2.93,2021,191013
"Lombard",2.17,2004,382496
"Lombard",1.55,1991,471406
"Lombard",3.04,2019,226232
"Lombard",1.11,2002,397732
"Lombard",1.92,1990,477438
"Lombard",1.31,2001,405108
"Lombard",2.34,2005,374577
"Lombard",1.18,2001,405101
"Lombard",1.22,2007,358113
"Lombard",1.51,2012,312059
"Lombard",2.28,1992,465281
"Lombard",3.95,1993,459067
"Lombard",1.07,2022,168810
"Lombard",3.6,2013,301764
"Lombard",3.28,2023,139886
"Lombard",2.86,2007,358095
"Lombard",3.25,2022,168834
"Lombard",1.41,2006,366442
"Lombard",2.02,2009,340615
"Lombard",3.52,2012,312055
"Lombard",3.98,2001,405117
"Lombard",2.66,1992,465265
"Lombard",1.35,1994,452718
"Lombard",1,1992,465271
"Lombard",2.85,2020,209744
"Lombard",3.74,2009,340633
"Lombard",3.78,2003,390218
"Lombard",3.15,2010,331451
"Lombard",1.34,2001,405124
"Lombard",1.2,2004,382512
"Lombard",2.91,2019,226252
"Lombard",2.74,2004,382495
"Lombard",3.12,2020,209745
"Lombard",1.38,2001,405126
"Lombard",1.85,2010,331465
"Lombard",1.69,2013,301740
"Lombard",1.57,2018,241173
"Lombard",3.03,2000,412318
"Lombard",1.96,2015,279616
"Lombard",3.96,2013,301762
"Lombard",3.27,2021,191033
"Lombard",1.73,1995,446303
"Lombard",3.76,2012,312045
"Lombard",1.78,2007,358092
"Redbrick",2.04,2009,259698
"Redbrick",1.36,2021,154821
"Redbrick",3.05,1998,319734
"Redbrick",3.33,2003,294436
"Redbrick",1.63,2021,154841
"Redbrick",2.8,1990,355575
"Redbrick",1.59,2015,216933
"Redbrick",3.15,2013,232428
"Redbrick",2.12,2022,139262
"Redbrick",2.88,2018,189953
"Redbrick",3.77,2000,309941
"Redbrick",2.12,2010,253266
"Redbrick",1.16,1997,324474
"Redbrick",2.08,2022,139273
"Redbrick",1.88,1990,355562
"Redbrick",2.68,2015,216941
"Redbrick",2.61,2015,216920
"Redbrick",2.69,2017,199578
"Redbrick",2.91,1994,338257
"Redbrick",3.01,2021,154842
"Redbrick",2.14,2017,199572
"Redbrick",2.89,2011,246591
"Redbrick",1.95,2018,189960
"Redbrick",1.27,1990,355575
"Redbrick",2.67,2014,224887
"Redbrick",2.15,2016,208516
"Redbrick",3.6,2006,277781
"Redbrick",1.39,2014,224862
"Redbrick",2.33,1998,319742
"Redbrick",2.73,2014,224880
"Redbrick",2.76,2019,179504
"Redbrick",2.31,2000,309944
"Redbrick",1.97,1999,314876
"Redbrick",3.76,2022,139260
"Redbrick",3.85,2006,277778
"Redbrick",2.19,1998,319719
"Redbrick",3.85,2015,216922
"Redbrick",2.07,2003,294446
"Redbrick",3.9,1992,347037
"Redbrick",3.9,2001,304869
"Redbrick",3.41,1991,351352
"Redbrick",1.2,2015,216925
"Redbrick",2.35,2000,309945
"Redbrick",2.32,2015,216927
"Redbrick",1.01,1996,329161
"Redbrick",3.23,1994,338264
"Redbrick",2.42,1996,329173
"Redbrick",1.64,2018,189950
"Redbrick",1.1,2014,224860
"Redbrick",1.83,2016,208533
"Redbrick",1.71,2020,167943
"Redbrick",3.92,1992,347038
"Redbrick",2.03,2017,199585
"Redbrick",3.48,1994,338248
"Redbrick",2.83,2001,304889
"Redbrick",3.57,2003,294436
"Redbrick",2.59,1997,324491
"Redbrick",1.66,2010,253251
"Redbrick",2.74,2009,259699
"Redbrick",3.82,2013,232433
"Redbrick",1.3,2018,189982
"Redbrick",1.13,1991,351334
"Redbrick",2.8,1999,314865
"Redbrick",3.76,2014,224881
"Redbrick",2.52,1990,355571
"Redbrick",3.89,2003,294440
"Redbrick",3.77,2009,259668
"Redbrick",3.13,1994,338247
"Redbrick",1.77,2019,179502
"Redbrick",1.47,1990,355585
"Redbrick",2.64,2011,246588
"Redbrick",1.5,2002,299733
"Redbrick",2.37,2005,283486
"Redbrick",2.45,2020,167957
"Redbrick",2.67,2007,271923
"Redbrick",1.06,2008,265914
"Redbrick",2.91,1992,347054
"Redbrick",1.11,2008,265910
"Redbrick",3.66,1993,342678
"Redbrick",2.45,2017,199588
"Redbrick",2.63,2013,232438
"Redbrick",2.25,2009,259689
"Redbrick",3.64,2016,208527
"Redbrick",3.96,1998,319726
"Redbrick",1.02,2000,309928
"Redbrick",1.76,2023,118981
"Redbrick",2.6,1995,333733
"Redbrick",2.17,1992,347059
"Redbrick",3.9,2023,118970
"Redbrick",1.15,2009,259673
"Redbrick",3.2,2018,189973
"Redbrick",3.2,1999,314883
"Redbrick",3.79,2005,283474
"Redbrick",1.63,2007,271946
"Redbrick",3.04,2021,154825
"Redbrick",1.6,1990,355569
"Redbrick",1.14,2007,271921
"Redbrick",2.34,2021,154829
"Redbrick",2.83,1990,355571
"Redbrick",2.71,2014,224874
"Redbrick",3.51,2007,271933
"Redbrick",1.33,2022,139277
"Redbrick",1.11,2008,265895
"Redbrick",1.74,2007,271923
"Redbrick",1.36,2003,294431
"Redbrick",1.29,2000,309934
"Redbrick",1.16,2009,259670
"Redbrick",2.54,1998,319726
"Redbrick",1.64,2008,265913
"Redbrick",2.8,2005,283473
"Redbrick",3.15,2003,294453
"Redbrick",1.78,2008,265921
"Redbrick",1.74,2014,224870
"Redbrick",3.56,2010,253256
"Redbrick",1.57,1995,333750
"Redbrick",2.66,2004,289039
"Redbrick",1.63,1991,351361
"Redbrick",2.33,2003,294443
"Redbrick",1.58,2016,208520
"Redbrick",2.77,2006,277799
"Redbrick",2.87,1999,314875
"Redbrick",2.75,1994,338270
"Redbrick",3.44,2022,139271
"Redbrick",1.04,1994,338254
"Redbrick",3.54,2012,239647
"Redbrick",2.49,2000,309943
"Redbrick",1.62,2005,283479
"Redbrick",1.93,2002,299732
"Redbrick",1.48,2005,283474
"Redbrick",1.89,2020,167966
"Redbrick",1.96,2011,246573
"Redbrick",3.14,2021,154846
"Redbrick",1.21,1997,324493
"Redbrick",2.81,2020,167956
"Redbrick",3.73,2006,277786
"Redbrick",3.6,2021,154830
"Redbrick",1.17,2001,304898
"Redbrick",1.94,1999,314883
"Redbrick",3.59,2008,265887
"Redbrick",1.11,2022,139275
"Redbrick",3.55,2014,224884
"Redbrick",2.31,2000,309944
"Redbrick",2.97,2018,189956
"Redbrick",1.12,2022,139267
"Redbrick",3.33,2010,253247
"Redbrick",1.63,2020,167958
"Redbrick",1.74,2001,304868
"Redbrick",3.27,2000,309944
"Redbrick",1.34,1999,314888
"Redbrick",2.71,2003,294421
"Redbrick",2.38,2011,246599
"Redbrick",3.05,2002,299732
"Redbrick",3.63,2000,309938
"Redbrick",3.12,1991,351335
"Redbrick",3.6,2010,253240
"Redbrick",1.58,2008,265907
"Redbrick",1.05,1994,338268
"Redbrick",1.83,1992,347066
"Redbrick",1.73,2015,216926
"Redbrick",3.95,2011,246588
"Redbrick",3,2009,259685
"Redbrick",1.07,2000,309923
"Redbrick",2.65,2017,199577
"Redbrick",2.78,1994,338247
"Redbrick",3.03,2020,167949
"Redbrick",1.13,2006,277787
"Redbrick",3.89,1993,342688
"Redbrick",3.69,2000,309920
"Redbrick",1.91,2008,265892
"Redbrick",2.11,2005,283481
"Redbrick",2,2014,224889
"Redbrick",2.66,1999,314879
"Redbrick",1.57,1999,314888
"Redbrick",3.87,2012,239655
"Redbrick",1.49,2018,189967
"Redbrick",3.07,1996,329162
"Redbrick",1.41,2011,246596
"Redbrick",3.09,1992,347049
"Redbrick",3.01,2021,154816
"Redbrick",1.86,1991,351340
"Redbrick",1.04,1991,351359
"Redbrick",2.09,2017,199572
"Redbrick",1.39,2007,271936
"Redbrick",3.61,1998,319723
"Redbrick",2.81,1990,355584
"Redbrick",1.44,2023,118969
"Redbrick",1.48,1997,324481
"Redbrick",2.12,1999,314873
"Redbrick",3.48,2001,304871
"Redbrick",3.64,2000,309923
"Redbrick",3.55,2007,271926
"Redbrick",2.73,2001,304870
"Redbrick",2.06,1996,329169
"Redbrick",2.24,2017,199582
"Redbrick",2.31,2020,167965
"Redbrick",3.02,2003,294437
"Redbrick",2.2,2000,309947
"Redbrick",1.1,2011,246599
"Redbrick",1.6,2016,208524
"Redbrick",1.12,2008,265892
"Redbrick",1.07,2001,304871
"Redbrick",2.18,2021,154838
"Redbrick",2.61,2003,294451
"Redbrick",1.45,2003,294428
"Redbrick",1.81,2014,224861
"Redbrick",3.11,2023,118981
"Redbrick",3.23,1998,319728
"Redbrick",3.64,2000,309916
"Redbrick",2.86,2017,199586
"Redbrick",3.21,2018,189956
"Redbrick",2.14,2011,246572
"Redbrick",3.22,1993,342701
"Redbrick",3.91,2006,277773
"Redbrick",3.82,1999,314891
"Redbrick",2.41,2015,216935
"Redbrick",1.86,1995,333745
"Redbrick",1.19,2019,179530
"Redbrick",1.48,2016,208524
"Redbrick",1.53,2003,294427
"Redbrick",3.27,2019,179507
"Redbrick",1.1,2018,189957
"Redbrick",1.58,2023,118975
"Redbrick",1.14,2004,289016
"Redbrick",3.38,1992,347041
"Redbrick",3.13,2007,271948
"Redbrick",2.89,2003,294428
"Redbrick",3.92,2018,189957
"Redbrick",2.43,1993,342703
"Redbrick",2.9,1999,314870
"Redbrick",3.22,2023,118986
"Redbrick",2.07,1996,329147
"Redbrick",3.09,1996,329174
"Redbrick",1.79,2013,232427
"Redbrick",3.92,1996,329168
"Redbrick",1.22,2021,154821
"Redbrick",2.78,1996,329154
"Redbrick",3.19,1997,324495
"Redbrick",1.89,1999,314885
"Redbrick",3.61,2017,199582
"Redbrick",1.92,2009,259686
"Redbrick",3.89,2000,309938
"Redbrick",3.33,2002,299732
"Redbrick",3.28,2017,199570
"Redbrick",2.51,2004,289022
"Redbrick",3.02,2014,224885
"Redbrick",1.9,1999,314896
"Redbrick",2.98,2004,289010
"Redbrick",3.88,2007,271924
"Redbrick",1.11,1995,333757
"Redbrick",3.31,2017,199576
"Redbrick",1.17,2023,118979
"Redbrick",3.86,2011,246583
"Redbrick",3.5,1992,347045
"Redbrick",2.03,2021,154826
"Redbrick",3.78,2002,299724
"Redbrick",2.74,2006,277804
"Redbrick",1.01,2014,224863
"Redbrick",2.62,2000,309924
"Redbrick",2.52,1991,351338
"Redbrick",3.6,2018,189973
"Redbrick",2.19,1991,351348
"Redbrick",2.84,2004,289011
"Redbrick",2.16,1993,342672
"Redbrick",2.76,2002,299705
"Redbrick",3.98,1999,314879
"Redbrick",3.59,2004,289037
"Redbrick",3.21,2015,216927
"Redbrick",2.49,2013,232423
"Redbrick",3.19,2018,189962
"Redbrick",1.13,2005,283481
"Redbrick",3.01,2004,289013
"Redbrick",2.62,2019,179503
"Redbrick",2.95,2011,246598
"Redbrick",2.92,2004,289022
"Redbrick",1.31,2016,208510
"Redbrick",2.08,2011,246573
"Redbrick",1.8,1995,333729
"Redbrick",1.24,1998,319729
"Redbrick",4,2019,179506
"Redbrick",2.95,2010,253252
"Redbrick",3.38,2011,246600
"Redbrick",1.28,2014,224871
"Redbrick",1.74,2019,179515
"Redbrick",3.66,2019,179498
"Redbrick",1.62,2001,304885
"Redbrick",1.91,2002,299712
"Redbrick",1.76,2018,189963
"Redbrick",2.31,2022,139246
"Redbrick",1.47,1994,338257
"Redbrick",3.87,1993,342677
"Redbrick",1.12,1998,319738
"Redbrick",2.38,2003,294442
"Redbrick",2.68,2011,246594
"Redbrick",2.18,2006,277780
"Redbrick",3.54,2003,294450
"Redbrick",1.57,2010,253238
"Redbrick",2.88,1991,351336
"Redbrick",1.99,2015,216938
"Redbrick",2.32,1996,329155
"Redbrick",1.61,2016,208510
"Redbrick",2.44,1996,329163
"Redbrick",1.38,2018,189954
"Redbrick",1.97,1994,338263
"Redbrick",2.1,2017,199583
"Redbrick",2.63,1995,333739
"Redbrick",1.8,2005,283465
"Redbrick",1.65,2006,277796
"Redbrick",1.74,1998,319738
"Redbrick",1.59,1991,351339
"Redbrick",3.68,2021,154833
"Redbrick",2.33,2018,189961
"Redbrick",2.58,1995,333753
"Redbrick",1.54,2019,179526
"Redbrick",1.87,1999,314892
"Redbrick",2.3,2004,289011
"Redbrick",3.68,2020,167938
"Redbrick",2.65,2021,154832
"Redbrick",3.14,2019,179512
"Tuts",3.11,2022,85945
"Tuts",3.97,2019,109819
"Tuts",3.7,2016,133730
"Tuts",2.59,2022,85947
"Tuts",1.97,1999,269181
"Tuts",2.11,1994,309023
"Tuts",3.51,2001,253230
"Tuts",2.23,1993,316989
"Tuts",2.9,1997,285109
"Tuts",2.98,1994,309008
"Tuts",2.82,2017,125769
"Tuts",3.12,2019,109833
"Tuts",3.71,2010,181537
"Tuts",2.86,2019,109831
"Tuts",3.5,2007,205424
"Tuts",1.21,2012,165615
"Tuts",1.05,2019,109833
"Tuts",3.44,2000,261198
"Tuts",1.96,2004,229329
"Tuts",3.95,2013,157625
"Tuts",3.8,1996,293069
"Tuts",2.17,2019,109841
"Tuts",3.09,1996,293086
"Tuts",3.81,2012,165592
"Tuts",2.54,2017,125762
"Tuts",2.08,2010,181535
"Tuts",2.6,2018,117802
"Tuts",1.42,2001,253248
"Tuts",1.45,2015,141703
"Tuts",3.66,2011,173586
"Tuts",1.2,2002,245270
"Tuts",2.43,2012,165592
"Tuts",3.87,1995,301051
"Tuts",2.79,2019,109824
"Tuts",2.77,2000,261205
"Tuts",2.99,2012,165595
"Tuts",3.06,2021,93903
"Tuts",3,2007,205454
"Tuts",1.69,1996,293063
"Tuts",1.65,2010,181545
"Tuts",2.86,2000,261201
"Tuts",1.15,1995,301047
"Tuts",3.84,1993,316967
"Tuts",3.24,2007,205428
"Tuts",1.88,1995,301047
"Tuts",1.67,2012,165589
"Tuts",3.13,2022,85947
"Tuts",3.88,2011,173577
"Tuts",3.71,2000,261200
"Tuts",1.73,2016,133751
"Tuts",3,2004,229322
"Tuts",2.51,2018,117794
"Tuts",2.64,2017,125759
"Tuts",2.57,2001,253231
"Tuts",1.75,2022,85923
"Tuts",2.25,2002,245286
"Tuts",2.49,1990,340889
"Tuts",3.22,2001,253255
"Tuts",3.08,2015,141704
"Tuts",2.18,2004,229322
"Tuts",1.2,2001,253254
"Tuts",2.25,2012,165603
"Tuts",3.45,1998,277145
"Tuts",2.58,2016,133736
"Tuts",1.1,2007,205423
"Tuts",3.67,2019,109843
"Tuts",3.66,2011,173577
"Tuts",1.1,1991,332916
"Tuts",1.7,2006,213396
"Tuts",2.67,2001,253234
"Tuts",2.17,2002,245273
"Tuts",3.62,2008,197487
"Tuts",1.88,2004,229338
"Tuts",2.79,1998,277125
"Tuts",1.77,2018,117800
"Tuts",2.94,1990,340875
"Tuts",1.85,2016,133731
"Tuts",1.94,1999,269170
"Tuts",3.18,2022,85950
"Tuts",1.71,2005,221355
"Tuts",1.72,2006,213420
"Tuts",2.73,2013,157653
"Tuts",3.67,1991,332898
"Tuts",2.09,2002,245286
"Tuts",3.67,2007,205441
"Tuts",1.12,2022,85946
"Tuts",2.19,1992,324955
"Tuts",1.1,1991,332910
"Tuts",1.74,2010,181550
"Tuts",1.36,2007,205445
"Tuts",3,2014,149658
"Tuts",1.8,1994,308999
"Tuts",1.23,1998,277155
"Tuts",2.5,2005,221358
"Tuts",1.36,1993,316966
"Tuts",2.77,2010,181551
"Tuts",1.09,2002,245275
"Tuts",1.61,2006,213414
"Tuts",1.5,1991,332911
"Tuts",1.49,2006,213407
"Tuts",3.99,2017,125753
"Tuts",2.29,1992,324944
"Tuts",3.65,2005,221370
"Tuts",2.71,1992,324938
"Tuts",3.79,2002,245256
"Tuts",2.4,2003,237316
"Tuts",3.12,2012,165587
"Tuts",2.16,2019,109837
"Tuts",3.97,1998,277144
"Tuts",3.88,1991,332905
"Tuts",2.14,1998,277145
"Tuts",1.73,1990,340884
"Tuts",3.77,2022,85946
"Tuts",1.53,1990,340870
"Tuts",1.53,2018,117807
"Tuts",3.17,2005,221375
"Tuts",1.49,2017,125760
"Tuts",2.12,2006,213414
"Tuts",2.35,1992,324932
"Tuts",1.27,2018,117805
"Tuts",2.45,2003,237316
"Tuts",3.01,2022,85919
"Tuts",1.61,2002,245288
"Tuts",2.85,2011,173569
"Tuts",3.65,2017,125779
"Tuts",1.53,2001,253239
"Tuts",3.43,2007,205441
"Tuts",1.8,1990,340870
"Tuts",1.09,2021,93900
"Tuts",2.28,2003,237310
"Tuts",1.8,2016,133751
"Tuts",2.73,2003,237315
"Tuts",2.73,2020,101851
"Tuts",2.46,2006,213418
"Tuts",3.08,1995,301053
"Tuts",2.77,1994,309004
"Tuts",2.29,1998,277138
"Tuts",3.18,2022,85929
"Tuts",1.2,2000,261193
"Tuts",3.74,1999,269161
"Tuts",1.48,2000,261216
"Tuts",1.02,2010,181548
"Tuts",3.55,1990,340864
"Tuts",2.69,2001,253243
"Tuts",2.42,2017,125774
"Tuts",2.94,1990,340866
"Tuts",2.84,2005,221375
"Tuts",1.77,2004,229349
"Tuts",2,2016,133737
"Tuts",3.18,1994,308998
"Tuts",3.24,2013,157620
"Tuts",2.78,2016,133742
"Tuts",1.91,1995,301043
"Tuts",3.5,1996,293089
"Tuts",2.7,1998,277133
"Tuts",3.89,2002,245272
"Tuts",1.63,2014,149660
"Tuts",1.94,2013,157647
"Tuts",1.05,2023,77954
"Tuts",1.05,2013,157629
"Tuts",3.01,2003,237293
"Tuts",3.97,2014,149680
"Tuts",2.76,1994,308998
"Tuts",1.22,2002,245276
"Tuts",2.07,2010,181551
"Tuts",1.05,2013,157625
"Tuts",1.87,2020,101877
"Tuts",1.13,1995,301038
"Tuts",3.9,2003,237310
"Tuts",2.59,1997,285120
"Tuts",2.07,2013,157652
"Tuts",2.63,2022,85924
"Tuts",1.18,1993,316990
"Tuts",2.19,2019,109832
"Tuts",1.2,2015,141713
"Tuts",2.31,2015,141692
"Tuts",2.1,1998,277127
"Tuts",3.46,2011,173575
"Tuts",3.97,1994,309023
"Tuts",1.31,2004,229345
"Tuts",1.33,2001,253236
"Tuts",3.59,2003,237307
"Tuts",3.57,2011,173567
"Tuts",2.44,2003,237301
"Tuts",1.77,2002,245276
"Tuts",3.56,2004,229323
"Tuts",3.28,1998,277141
"Tuts",2.05,2009,189501
"Tuts",2.71,2013,157629
"Tuts",3.73,1990,340889
"Tuts",2.27,2023,77976
"Tuts",2.32,2001,253230
"Tuts",2.95,2023,77961
"Tuts",2.78,2000,261222
"Tuts",3.73,1999,269166
"Tuts",3.15,2005,221380
"Tuts",3.59,1996,293071
"Tuts",3.66,2005,221369
"Tuts",1.45,1990,340866
"Tuts",2.94,2020,101883
"Tuts",2.85,2010,181539
"Tuts",3.82,1993,316989
"Tuts",2.14,2018,117801
"Tuts",1.08,1996,293070
"Tuts",1.68,2021,93897
"Tuts",1.89,2012,165611
"Tuts",2.99,2015,141708
"Tuts",1.75,1999,269186
"Tuts",1.6,2013,157620
"Tuts",1.49,2014,149658
"Tuts",3.62,2012,165606
"Tuts",1.98,1995,301045
"Tuts",2.04,1990,340887
"Tuts",3.12,2022,85933
"Tuts",3.3,2016,133746
"Tuts",2.82,1998,277129
"Tuts",3.1,2017,125786
"Tuts",2.77,2003,237322
"Tuts",3.5,2023,77959
"Tuts",2.39,1994,309009
"Tuts",3.92,2006,213393
"Tuts",1.52,2001,253234
"Tuts",2.4,2009,189508
"Tuts",3.71,2017,125778
"Tuts",2.78,1995,301025
"Tuts",2.09,2011,173584
"Tuts",1.22,1992,324955
"Tuts",3.2,2012,165613
"Tuts",2.27,1991,332897
"Tuts",2.29,1993,316988
"Tuts",3.41,1992,324948
"Tuts",3.64,1993,316958
"Tuts",1.79,2011,173565
"Tuts",3.12,2019,109836
"Tuts",1.33,2011,173553
"Tuts",2,2013,157633
"Tuts",2.64,2000,261210
"Tuts",3.42,2000,261197
"Tuts",3.87,1990,340863
"Tuts",3.83,2002,245284
"Tuts",1.89,1999,269184
"Tuts",2.51,2008,197465
"Tuts",3.94,2020,101851
"Tuts",3.69,1992,324932
"Tuts",1.71,2018,117800
"Tuts",2.89,2009,189505
"Tuts",2.08,2002,245261
"Tuts",2.73,1999,269175
"Tuts",3.15,2006,213418
"Tuts",3.28,1998,277156
"Tuts",1.86,1997,285098
"Tuts",1.66,2014,149659
"Tuts",3.24,2002,245284
"Tuts",3.59,2009,189518
"Tuts",1.27,2014,149663
"Tuts",1.43,2010,181542
"Tuts",1.04,1993,316977
"Tuts",3.37,1998,277130
"Tuts",2.56,2005,221387
"Tuts",3.46,2000,261214
"Tuts",2.78,2016,133726
"Tuts",2.81,2004,229337
"Tuts",3.31,2017,125785
"Tuts",2.7,2021,93910
"Tuts",3.42,2008,197483
"Tuts",1.17,1992,324956
"Tuts",1.83,2015,141716
"Tuts",3.46,2003,237318
"Tuts",2.37,2009,189487
"Tuts",3.85,2008,197483
"Tuts",2.42,1992,324940
"Tuts",3.43,2015,141690
"Tuts",1.03,2000,261191
"Tuts",2,1995,301026
"Tuts",3.7,1992,324952
"Tuts",2.03,2011,173577
"Tuts",1.85,1997,285120
"Tuts",3.59,2015,141688
"Tuts",3.32,2005,221364
"Tuts",3.22,2002,245269
"Tuts",3.15,2009,189497
"Tuts",1.54,1991,332919
"Tuts",1.79,2019,109819
"Tuts",1.08,2011,173586
"Tuts",3.42,2020,101878
"Tuts",3.33,2000,261212
"Tuts",3.27,1990,340891
"Tuts",3.57,2001,253236
"Tuts",1.12,1999,269157
"Tuts",2.19,2008,197483
"Tuts",1.86,1999,269157
"Tuts",3.64,2004,229324
"Tuts",3.91,2011,173583
"Tuts",1.64,2013,157629
"Tuts",3.49,2021,93915
"Tuts",3.29,2003,237295
"Tuts",2.69,2016,133740
"Tuts",1.6,1997,285109
"Tuts",2.11,2000,261209
"Tuts",1.87,2011,173563
"Tuts",3.44,1992,324934
"Tuts",3.92,2010,181525
"Tuts",3,2000,261211
"Tuts",3.96,2009,189493
"Tuts",1.53,2021,93895
"Tuts",2.92,2008,197465
"Tuts",1.11,2006,213422
"Tuts",3.31,1999,269171
"Tuts",3.7,2000,261200
"Tuts",1.97,2004,229349
"Tuts",3.35,1993,316958
"Tuts",3.84,2001,253235
"Tuts",1.15,2006,213412
"Tuts",1.78,2000,261216
"Tuts",3.17,2002,245259
"Tuts",1.51,2003,237321
"Tuts",1.1,1998,277150
"Tuts",1.58,2014,149667
"Tuts",3.44,2020,101853
"Tuts",3.26,2009,189512
"Tuts",3.54,2014,149665
"Tuts",2.97,2001,253241
"Tuts",2.5,1998,277145
"Tuts",1.54,2005,221378
"Tuts",1.67,2010,181534
"Tuts",1.98,2015,141713
"Tuts",2.57,2023,77951
"Tuts",2.82,2005,221389
"Tuts",1.78,1991,332894
"Tuts",2.75,2001,253233
"Tuts",3.15,2022,85924
"Tuts",1.67,1991,332921
"Tuts",3.27,2022,85950
"Tuts",3.2,2000,261193
"Tuts",2.32,1992,324940
"Tuts",2.65,2021,93900
"Tuts",2.93,2015,141716
"Tuts",3.48,2003,237293
"Tuts",2.57,2015,141704
"Tuts",3.58,2022,85948
