"ID","Outcome"
1,"Failure"
2,"Failure"
3,"Success"
4,"Failure"
5,"Success"
6,"Success"
7,"Success"
8,"Failure"
9,"Failure"
10,"Failure"
11,"Success"
12,"Failure"
13,"Success"
14,"Failure"
15,"Failure"
16,"Success"
17,"Success"
18,"Failure"
19,"Failure"
20,"Success"
21,"Success"
22,"Success"
23,"Failure"
24,"Failure"
25,"Failure"
26,"Failure"
27,"Failure"
28,"Failure"
29,"Success"
30,"Success"
31,"Success"
32,"Success"
33,"Success"
34,"Success"
35,"Failure"
36,"Success"
37,"Failure"
38,"Failure"
39,"Failure"
40,"Failure"
41,"Success"
42,"Failure"
43,"Failure"
44,"Failure"
45,"Failure"
46,"Failure"
47,"Success"
48,"Failure"
49,"Failure"
50,"Success"
51,"Success"
52,"Success"
53,"Failure"
54,"Success"
55,"Success"
56,"Success"
57,"Failure"
58,"Failure"
59,"Success"
60,"Success"
61,"Success"
62,"Failure"
63,"Failure"
64,"Failure"
65,"Failure"
66,"Failure"
67,"Failure"
68,"Success"
69,"Success"
70,"Success"
71,"Failure"
72,"Failure"
73,"Failure"
74,"Success"
75,"Success"
76,"Success"
77,"Failure"
78,"Failure"
79,"Failure"
80,"Success"
81,"Success"
82,"Failure"
83,"Failure"
84,"Success"
85,"Success"
86,"Failure"
87,"Failure"
88,"Success"
89,"Failure"
90,"Success"
91,"Failure"
92,"Failure"
93,"Failure"
94,"Success"
95,"Failure"
96,"Failure"
97,"Failure"
98,"Success"
99,"Failure"
100,"Failure"
101,"Success"
102,"Success"
103,"Failure"
104,"Failure"
105,"Success"
106,"Success"
107,"Success"
108,"Success"
109,"Failure"
110,"Failure"
111,"Failure"
112,"Failure"
113,"Success"
114,"Failure"
115,"Success"
116,"Failure"
117,"Failure"
118,"Success"
119,"Failure"
120,"Success"
121,"Success"
122,"Success"
123,"Success"
124,"Success"
125,"Failure"
126,"Success"
127,"Success"
128,"Failure"
129,"Failure"
130,"Success"
131,"Failure"
132,"Success"
133,"Failure"
134,"Success"
135,"Success"
136,"Success"
137,"Failure"
138,"Failure"
139,"Failure"
140,"Success"
141,"Failure"
142,"Success"
143,"Success"
144,"Success"
145,"Success"
146,"Failure"
147,"Success"
148,"Failure"
149,"Success"
150,"Failure"
151,"Failure"
152,"Success"
153,"Failure"
154,"Failure"
155,"Failure"
156,"Failure"
157,"Success"
158,"Success"
159,"Failure"
160,"Success"
161,"Failure"
162,"Success"
163,"Success"
164,"Failure"
165,"Failure"
166,"Failure"
167,"Success"
168,"Failure"
169,"Success"
170,"Success"
171,"Success"
172,"Success"
173,"Failure"
174,"Failure"
175,"Failure"
176,"Success"
177,"Failure"
178,"Failure"
179,"Success"
180,"Failure"
181,"Failure"
182,"Success"
183,"Failure"
184,"Failure"
185,"Failure"
186,"Failure"
187,"Success"
188,"Success"
189,"Failure"
190,"Success"
191,"Success"
192,"Success"
193,"Success"
194,"Success"
195,"Failure"
196,"Failure"
197,"Success"
198,"Failure"
199,"Failure"
200,"Failure"
201,"Failure"
202,"Success"
203,"Success"
204,"Success"
205,"Failure"
206,"Success"
207,"Failure"
208,"Success"
209,"Success"
210,"Success"
211,"Success"
212,"Success"
213,"Success"
214,"Failure"
215,"Failure"
216,"Success"
217,"Success"
218,"Success"
219,"Failure"
220,"Success"
221,"Failure"
222,"Failure"
223,"Failure"
224,"Failure"
225,"Success"
226,"Success"
227,"Success"
228,"Success"
229,"Success"
230,"Success"
231,"Success"
232,"Failure"
233,"Success"
234,"Success"
235,"Success"
236,"Failure"
237,"Failure"
238,"Success"
239,"Success"
240,"Success"
241,"Failure"
242,"Success"
243,"Failure"
244,"Failure"
245,"Failure"
246,"Success"
247,"Success"
248,"Success"
249,"Success"
250,"Success"
251,"Failure"
252,"Success"
253,"Success"
254,"Success"
255,"Failure"
256,"Success"
257,"Failure"
258,"Success"
259,"Success"
260,"Success"
261,"Failure"
262,"Failure"
263,"Failure"
264,"Success"
265,"Success"
266,"Success"
267,"Failure"
268,"Failure"
269,"Failure"
270,"Failure"
271,"Success"
272,"Success"
273,"Success"
274,"Success"
275,"Success"
276,"Failure"
277,"Failure"
278,"Failure"
279,"Failure"
280,"Failure"
281,"Success"
282,"Success"
283,"Success"
284,"Success"
285,"Failure"
286,"Success"
287,"Success"
288,"Failure"
289,"Failure"
290,"Failure"
291,"Success"
292,"Success"
293,"Failure"
294,"Success"
295,"Success"
296,"Success"
297,"Success"
298,"Success"
299,"Success"
300,"Failure"
301,"Success"
302,"Success"
303,"Success"
304,"Success"
305,"Success"
306,"Success"
307,"Success"
308,"Success"
309,"Failure"
310,"Success"
311,"Failure"
312,"Success"
313,"Success"
314,"Success"
315,"Failure"
316,"Failure"
317,"Success"
318,"Failure"
319,"Failure"
320,"Failure"
321,"Failure"
322,"Success"
323,"Success"
324,"Success"
325,"Failure"
326,"Success"
327,"Success"
328,"Success"
329,"Failure"
330,"Success"
331,"Success"
332,"Failure"
333,"Failure"
334,"Success"
335,"Success"
336,"Failure"
337,"Failure"
338,"Success"
339,"Success"
340,"Success"
341,"Failure"
342,"Success"
343,"Success"
344,"Success"
345,"Failure"
346,"Success"
347,"Failure"
348,"Success"
349,"Success"
350,"Failure"
351,"Success"
352,"Success"
353,"Failure"
354,"Failure"
355,"Failure"
356,"Failure"
357,"Success"
358,"Success"
359,"Success"
360,"Failure"
361,"Failure"
362,"Success"
363,"Success"
364,"Failure"
365,"Success"
366,"Failure"
367,"Success"
368,"Success"
369,"Failure"
370,"Success"
371,"Success"
372,"Failure"
373,"Success"
374,"Failure"
375,"Success"
376,"Success"
377,"Failure"
378,"Success"
379,"Failure"
380,"Failure"
381,"Success"
382,"Failure"
383,"Failure"
384,"Success"
385,"Failure"
386,"Failure"
387,"Success"
388,"Success"
389,"Failure"
390,"Success"
391,"Failure"
392,"Success"
393,"Success"
394,"Failure"
395,"Success"
396,"Failure"
397,"Success"
398,"Failure"
399,"Success"
400,"Success"
401,"Success"
402,"Success"
403,"Success"
404,"Failure"
405,"Failure"
406,"Failure"
407,"Failure"
408,"Success"
409,"Success"
410,"Failure"
411,"Failure"
412,"Failure"
413,"Success"
414,"Failure"
415,"Success"
416,"Success"
417,"Success"
418,"Failure"
419,"Failure"
420,"Failure"
421,"Failure"
422,"Failure"
423,"Failure"
424,"Success"
425,"Success"
426,"Failure"
427,"Success"
428,"Success"
429,"Success"
430,"Success"
431,"Success"
432,"Success"
433,"Failure"
434,"Failure"
435,"Failure"
436,"Success"
437,"Failure"
438,"Success"
439,"Failure"
440,"Success"
441,"Success"
442,"Failure"
443,"Success"
444,"Failure"
445,"Failure"
446,"Success"
447,"Success"
448,"Success"
449,"Failure"
450,"Success"
451,"Success"
452,"Success"
453,"Failure"
454,"Failure"
455,"Success"
456,"Success"
457,"Success"
458,"Success"
459,"Success"
460,"Failure"
461,"Failure"
462,"Failure"
463,"Failure"
464,"Success"
465,"Failure"
466,"Success"
467,"Failure"
468,"Success"
469,"Success"
470,"Success"
471,"Failure"
472,"Failure"
473,"Success"
474,"Failure"
475,"Success"
476,"Failure"
477,"Success"
478,"Success"
479,"Failure"
480,"Success"
481,"Failure"
482,"Failure"
483,"Failure"
484,"Failure"
485,"Success"
486,"Success"
487,"Failure"
488,"Failure"
489,"Success"
490,"Failure"
491,"Failure"
492,"Success"
493,"Failure"
494,"Success"
495,"Success"
496,"Success"
497,"Failure"
498,"Failure"
499,"Failure"
500,"Success"
501,"Failure"
502,"Success"
503,"Success"
504,"Success"
505,"Failure"
506,"Success"
507,"Success"
508,"Success"
509,"Success"
510,"Success"
511,"Failure"
512,"Failure"
513,"Failure"
514,"Failure"
515,"Failure"
516,"Failure"
517,"Failure"
518,"Success"
519,"Success"
520,"Failure"
521,"Success"
522,"Success"
523,"Failure"
524,"Failure"
525,"Success"
526,"Success"
527,"Success"
528,"Failure"
529,"Failure"
530,"Failure"
531,"Failure"
532,"Success"
533,"Failure"
534,"Success"
535,"Failure"
536,"Success"
537,"Success"
538,"Failure"
539,"Failure"
540,"Failure"
541,"Failure"
542,"Success"
543,"Failure"
544,"Failure"
545,"Failure"
546,"Failure"
547,"Failure"
548,"Failure"
549,"Success"
550,"Success"
551,"Failure"
552,"Success"
553,"Success"
554,"Success"
555,"Success"
556,"Failure"
557,"Failure"
558,"Success"
559,"Failure"
560,"Failure"
561,"Failure"
562,"Failure"
563,"Success"
564,"Success"
565,"Success"
566,"Failure"
567,"Success"
568,"Success"
569,"Failure"
570,"Failure"
571,"Success"
572,"Success"
573,"Failure"
574,"Success"
575,"Failure"
576,"Failure"
577,"Failure"
578,"Failure"
579,"Success"
580,"Success"
581,"Failure"
582,"Success"
583,"Success"
584,"Success"
585,"Success"
586,"Failure"
587,"Success"
588,"Failure"
589,"Success"
590,"Success"
591,"Success"
592,"Failure"
593,"Failure"
594,"Failure"
595,"Failure"
596,"Success"
597,"Success"
598,"Success"
599,"Success"
600,"Success"
601,"Failure"
602,"Success"
603,"Success"
604,"Success"
605,"Success"
606,"Success"
607,"Success"
608,"Failure"
609,"Failure"
610,"Success"
611,"Failure"
612,"Failure"
613,"Failure"
614,"Success"
615,"Failure"
616,"Failure"
617,"Success"
618,"Success"
619,"Failure"
620,"Success"
621,"Success"
622,"Success"
623,"Failure"
624,"Failure"
625,"Failure"
626,"Failure"
627,"Success"
628,"Failure"
629,"Failure"
630,"Failure"
631,"Failure"
632,"Success"
633,"Failure"
634,"Success"
635,"Success"
636,"Success"
637,"Success"
638,"Success"
639,"Failure"
640,"Success"
641,"Success"
642,"Failure"
643,"Failure"
644,"Success"
645,"Failure"
646,"Success"
647,"Failure"
648,"Success"
649,"Success"
650,"Failure"
651,"Failure"
652,"Success"
653,"Failure"
654,"Success"
655,"Success"
656,"Failure"
657,"Success"
658,"Success"
659,"Success"
660,"Success"
661,"Failure"
662,"Success"
663,"Success"
664,"Failure"
665,"Success"
666,"Success"
667,"Success"
668,"Success"
669,"Failure"
670,"Success"
671,"Failure"
672,"Failure"
673,"Failure"
674,"Success"
675,"Success"
676,"Success"
677,"Success"
678,"Failure"
679,"Failure"
680,"Failure"
681,"Success"
682,"Failure"
683,"Success"
684,"Failure"
685,"Success"
686,"Failure"
687,"Success"
688,"Failure"
689,"Failure"
690,"Success"
691,"Success"
692,"Success"
693,"Failure"
694,"Failure"
695,"Failure"
696,"Success"
697,"Success"
698,"Success"
699,"Failure"
700,"Success"
701,"Success"
702,"Success"
703,"Failure"
704,"Success"
705,"Failure"
706,"Success"
707,"Success"
708,"Failure"
709,"Success"
710,"Failure"
711,"Success"
712,"Success"
713,"Success"
714,"Failure"
715,"Failure"
716,"Success"
717,"Failure"
718,"Failure"
719,"Success"
720,"Success"
721,"Success"
722,"Success"
723,"Success"
724,"Success"
725,"Success"
726,"Failure"
727,"Failure"
728,"Failure"
729,"Failure"
730,"Failure"
731,"Failure"
732,"Failure"
733,"Failure"
734,"Success"
735,"Success"
736,"Success"
737,"Success"
738,"Failure"
739,"Success"
740,"Failure"
741,"Failure"
742,"Success"
743,"Success"
744,"Success"
745,"Failure"
746,"Success"
747,"Failure"
748,"Failure"
749,"Success"
750,"Failure"
751,"Failure"
752,"Failure"
753,"Failure"
754,"Success"
755,"Failure"
756,"Success"
757,"Success"
758,"Failure"
759,"Failure"
760,"Failure"
761,"Failure"
762,"Success"
763,"Failure"
764,"Success"
765,"Failure"
766,"Failure"
767,"Success"
768,"Success"
769,"Failure"
770,"Failure"
771,"Failure"
772,"Success"
773,"Success"
774,"Success"
775,"Failure"
776,"Success"
777,"Success"
778,"Success"
779,"Failure"
780,"Success"
781,"Failure"
782,"Failure"
783,"Failure"
784,"Failure"
785,"Failure"
786,"Failure"
787,"Success"
788,"Failure"
789,"Success"
790,"Failure"
791,"Failure"
792,"Failure"
793,"Success"
794,"Success"
795,"Failure"
796,"Success"
797,"Failure"
798,"Success"
799,"Success"
800,"Failure"
801,"Success"
802,"Success"
803,"Failure"
804,"Failure"
805,"Success"
806,"Failure"
807,"Success"
808,"Success"
809,"Success"
810,"Success"
811,"Failure"
812,"Failure"
813,"Failure"
814,"Success"
815,"Success"
816,"Failure"
817,"Success"
818,"Success"
819,"Success"
820,"Success"
821,"Success"
822,"Failure"
823,"Success"
824,"Failure"
825,"Failure"
826,"Failure"
827,"Failure"
828,"Success"
829,"Success"
830,"Failure"
831,"Success"
832,"Failure"
833,"Success"
834,"Success"
835,"Failure"
836,"Failure"
837,"Failure"
838,"Success"
839,"Success"
840,"Failure"
841,"Failure"
842,"Failure"
843,"Success"
844,"Failure"
845,"Failure"
846,"Failure"
847,"Success"
848,"Success"
849,"Success"
850,"Success"
851,"Success"
852,"Success"
853,"Failure"
854,"Failure"
855,"Failure"
856,"Success"
857,"Failure"
858,"Success"
859,"Success"
860,"Success"
861,"Success"
862,"Failure"
863,"Failure"
864,"Failure"
865,"Success"
866,"Failure"
867,"Failure"
868,"Failure"
869,"Success"
870,"Failure"
871,"Failure"
872,"Failure"
873,"Success"
874,"Failure"
875,"Failure"
876,"Failure"
877,"Failure"
878,"Failure"
879,"Failure"
880,"Failure"
881,"Success"
882,"Failure"
883,"Failure"
884,"Failure"
885,"Failure"
886,"Success"
887,"Failure"
888,"Success"
889,"Success"
890,"Failure"
891,"Failure"
892,"Success"
893,"Success"
894,"Failure"
895,"Failure"
896,"Failure"
897,"Success"
898,"Success"
899,"Success"
900,"Success"
901,"Success"
902,"Success"
903,"Success"
904,"Success"
905,"Failure"
906,"Success"
907,"Success"
908,"Failure"
909,"Failure"
910,"Failure"
911,"Failure"
912,"Failure"
913,"Success"
914,"Failure"
915,"Success"
916,"Failure"
917,"Success"
918,"Failure"
919,"Success"
920,"Failure"
921,"Failure"
922,"Failure"
923,"Failure"
924,"Failure"
925,"Failure"
926,"Success"
927,"Failure"
928,"Success"
929,"Success"
930,"Failure"
931,"Success"
932,"Success"
933,"Success"
934,"Failure"
935,"Failure"
936,"Success"
937,"Success"
938,"Success"
939,"Success"
940,"Success"
941,"Success"
942,"Success"
943,"Success"
944,"Success"
945,"Success"
946,"Failure"
947,"Failure"
948,"Failure"
949,"Success"
950,"Failure"
951,"Failure"
952,"Success"
953,"Failure"
954,"Success"
955,"Failure"
956,"Failure"
957,"Success"
958,"Success"
959,"Success"
960,"Success"
961,"Success"
962,"Success"
963,"Success"
964,"Success"
965,"Failure"
966,"Success"
967,"Success"
968,"Success"
969,"Failure"
970,"Success"
971,"Success"
972,"Success"
973,"Failure"
974,"Success"
975,"Failure"
976,"Failure"
977,"Success"
978,"Failure"
979,"Failure"
980,"Failure"
981,"Failure"
982,"Failure"
983,"Success"
984,"Failure"
985,"Success"
986,"Failure"
987,"Failure"
988,"Success"
989,"Success"
990,"Failure"
991,"Success"
992,"Success"
993,"Failure"
994,"Success"
995,"Failure"
996,"Failure"
997,"Success"
998,"Success"
999,"Success"
1000,"Failure"
1001,"Success"
1002,"Success"
1003,"Success"
1004,"Failure"
1005,"Success"
1006,"Success"
1007,"Failure"
1008,"Failure"
1009,"Failure"
1010,"Failure"
1011,"Failure"
1012,"Failure"
1013,"Failure"
1014,"Failure"
1015,"Failure"
1016,"Success"
1017,"Failure"
1018,"Success"
1019,"Failure"
1020,"Success"
1021,"Success"
1022,"Failure"
1023,"Success"
1024,"Success"
1025,"Failure"
1026,"Success"
1027,"Success"
1028,"Success"
1029,"Failure"
1030,"Success"
1031,"Success"
1032,"Success"
1033,"Failure"
1034,"Failure"
1035,"Success"
1036,"Failure"
1037,"Success"
1038,"Failure"
1039,"Failure"
1040,"Failure"
1041,"Success"
1042,"Failure"
1043,"Success"
1044,"Success"
1045,"Success"
1046,"Success"
1047,"Success"
1048,"Failure"
1049,"Failure"
1050,"Failure"
1051,"Success"
1052,"Success"
1053,"Success"
1054,"Success"
1055,"Failure"
1056,"Success"
1057,"Success"
1058,"Failure"
1059,"Failure"
1060,"Failure"
1061,"Failure"
1062,"Success"
1063,"Failure"
1064,"Success"
1065,"Failure"
1066,"Success"
1067,"Success"
1068,"Failure"
1069,"Success"
1070,"Failure"
1071,"Failure"
1072,"Success"
1073,"Success"
1074,"Failure"
1075,"Success"
1076,"Success"
1077,"Failure"
1078,"Success"
1079,"Success"
1080,"Failure"
1081,"Failure"
1082,"Failure"
1083,"Failure"
1084,"Success"
1085,"Failure"
1086,"Failure"
1087,"Failure"
1088,"Success"
1089,"Failure"
1090,"Failure"
1091,"Success"
1092,"Success"
1093,"Success"
1094,"Success"
1095,"Success"
1096,"Failure"
1097,"Success"
1098,"Success"
1099,"Success"
1100,"Success"
1101,"Failure"
1102,"Failure"
1103,"Success"
1104,"Failure"
1105,"Failure"
1106,"Success"
1107,"Failure"
1108,"Failure"
1109,"Failure"
1110,"Failure"
1111,"Success"
1112,"Success"
1113,"Failure"
1114,"Failure"
1115,"Success"
1116,"Success"
1117,"Success"
1118,"Success"
1119,"Success"
1120,"Success"
1121,"Success"
1122,"Success"
1123,"Failure"
1124,"Failure"
1125,"Failure"
1126,"Failure"
1127,"Success"
1128,"Failure"
1129,"Success"
1130,"Failure"
1131,"Success"
1132,"Failure"
1133,"Success"
1134,"Success"
1135,"Success"
1136,"Success"
1137,"Success"
1138,"Success"
1139,"Success"
1140,"Failure"
1141,"Success"
1142,"Success"
1143,"Failure"
1144,"Failure"
1145,"Success"
1146,"Failure"
1147,"Success"
1148,"Success"
1149,"Failure"
1150,"Failure"
1151,"Success"
1152,"Success"
1153,"Failure"
1154,"Success"
1155,"Failure"
1156,"Success"
1157,"Success"
1158,"Success"
1159,"Failure"
1160,"Success"
1161,"Success"
1162,"Success"
1163,"Success"
1164,"Success"
1165,"Failure"
1166,"Failure"
1167,"Success"
1168,"Failure"
1169,"Failure"
1170,"Failure"
1171,"Failure"
1172,"Success"
1173,"Failure"
1174,"Failure"
1175,"Failure"
1176,"Success"
1177,"Success"
1178,"Success"
1179,"Success"
1180,"Success"
1181,"Failure"
1182,"Success"
1183,"Failure"
1184,"Failure"
1185,"Success"
1186,"Failure"
1187,"Success"
1188,"Failure"
1189,"Success"
1190,"Failure"
1191,"Success"
1192,"Success"
1193,"Failure"
1194,"Failure"
1195,"Success"
1196,"Success"
1197,"Success"
1198,"Success"
1199,"Failure"
1200,"Success"
1201,"Success"
1202,"Failure"
1203,"Failure"
1204,"Success"
1205,"Success"
1206,"Failure"
1207,"Failure"
1208,"Success"
1209,"Failure"
1210,"Failure"
1211,"Failure"
1212,"Success"
1213,"Failure"
1214,"Success"
1215,"Failure"
1216,"Failure"
1217,"Success"
1218,"Success"
1219,"Failure"
1220,"Failure"
1221,"Success"
1222,"Success"
1223,"Failure"
1224,"Success"
1225,"Failure"
1226,"Success"
1227,"Success"
1228,"Failure"
1229,"Success"
1230,"Success"
1231,"Success"
1232,"Success"
1233,"Failure"
1234,"Success"
1235,"Success"
1236,"Success"
1237,"Failure"
1238,"Failure"
1239,"Failure"
1240,"Success"
1241,"Success"
1242,"Failure"
1243,"Failure"
1244,"Success"
1245,"Success"
1246,"Success"
1247,"Success"
1248,"Failure"
1249,"Success"
1250,"Success"
1251,"Success"
1252,"Success"
1253,"Failure"
1254,"Success"
1255,"Success"
1256,"Failure"
1257,"Failure"
1258,"Success"
1259,"Success"
1260,"Failure"
1261,"Success"
1262,"Failure"
1263,"Failure"
1264,"Failure"
1265,"Success"
1266,"Success"
1267,"Failure"
1268,"Failure"
1269,"Failure"
1270,"Failure"
1271,"Success"
1272,"Failure"
1273,"Failure"
1274,"Failure"
1275,"Failure"
1276,"Success"
1277,"Failure"
1278,"Success"
1279,"Failure"
1280,"Failure"
1281,"Success"
1282,"Failure"
1283,"Failure"
1284,"Failure"
1285,"Failure"
1286,"Failure"
1287,"Failure"
1288,"Success"
1289,"Failure"
1290,"Failure"
1291,"Failure"
1292,"Failure"
1293,"Success"
1294,"Success"
1295,"Success"
1296,"Failure"
1297,"Success"
1298,"Success"
1299,"Failure"
1300,"Failure"
1301,"Success"
1302,"Failure"
1303,"Failure"
1304,"Success"
1305,"Failure"
1306,"Failure"
1307,"Failure"
1308,"Failure"
1309,"Success"
1310,"Failure"
1311,"Success"
1312,"Success"
1313,"Success"
1314,"Success"
1315,"Failure"
1316,"Success"
1317,"Failure"
1318,"Failure"
1319,"Success"
1320,"Failure"
1321,"Failure"
1322,"Success"
1323,"Failure"
1324,"Success"
1325,"Success"
1326,"Failure"
1327,"Failure"
1328,"Success"
1329,"Failure"
1330,"Failure"
1331,"Failure"
1332,"Success"
1333,"Failure"
1334,"Success"
1335,"Success"
1336,"Failure"
1337,"Success"
1338,"Failure"
1339,"Failure"
1340,"Failure"
1341,"Failure"
1342,"Failure"
1343,"Failure"
1344,"Failure"
1345,"Success"
1346,"Failure"
1347,"Success"
1348,"Failure"
1349,"Failure"
1350,"Failure"
1351,"Failure"
1352,"Failure"
1353,"Success"
1354,"Failure"
1355,"Failure"
1356,"Success"
1357,"Failure"
1358,"Failure"
1359,"Success"
1360,"Failure"
1361,"Success"
1362,"Success"
1363,"Success"
1364,"Failure"
1365,"Success"
1366,"Success"
1367,"Success"
1368,"Failure"
1369,"Failure"
1370,"Success"
1371,"Success"
1372,"Success"
1373,"Failure"
1374,"Failure"
1375,"Failure"
1376,"Success"
1377,"Success"
1378,"Success"
1379,"Failure"
1380,"Success"
1381,"Success"
1382,"Failure"
1383,"Success"
1384,"Success"
1385,"Failure"
1386,"Success"
1387,"Failure"
1388,"Failure"
1389,"Failure"
1390,"Success"
1391,"Success"
1392,"Success"
1393,"Failure"
1394,"Failure"
1395,"Success"
1396,"Success"
1397,"Success"
1398,"Failure"
1399,"Failure"
1400,"Success"
1401,"Success"
1402,"Failure"
1403,"Success"
1404,"Success"
1405,"Success"
1406,"Success"
1407,"Success"
1408,"Success"
1409,"Failure"
1410,"Success"
1411,"Success"
1412,"Success"
1413,"Success"
1414,"Success"
1415,"Failure"
1416,"Success"
1417,"Success"
1418,"Failure"
1419,"Success"
1420,"Failure"
1421,"Success"
1422,"Failure"
1423,"Success"
1424,"Failure"
1425,"Failure"
1426,"Success"
1427,"Failure"
1428,"Failure"
1429,"Success"
1430,"Failure"
1431,"Success"
1432,"Failure"
1433,"Success"
1434,"Failure"
1435,"Success"
1436,"Success"
1437,"Failure"
1438,"Failure"
1439,"Failure"
1440,"Failure"
1441,"Success"
1442,"Success"
1443,"Success"
1444,"Failure"
1445,"Success"
1446,"Failure"
1447,"Success"
1448,"Success"
1449,"Failure"
1450,"Success"
1451,"Failure"
1452,"Success"
1453,"Failure"
1454,"Success"
1455,"Success"
1456,"Failure"
1457,"Failure"
1458,"Success"
1459,"Success"
1460,"Success"
1461,"Success"
1462,"Success"
1463,"Success"
1464,"Success"
1465,"Success"
1466,"Failure"
1467,"Failure"
1468,"Failure"
1469,"Failure"
1470,"Success"
1471,"Failure"
1472,"Failure"
1473,"Success"
1474,"Success"
1475,"Failure"
1476,"Failure"
1477,"Failure"
1478,"Success"
1479,"Failure"
1480,"Failure"
1481,"Success"
1482,"Failure"
1483,"Failure"
1484,"Success"
1485,"Failure"
1486,"Success"
1487,"Success"
1488,"Success"
1489,"Success"
1490,"Success"
1491,"Success"
1492,"Failure"
1493,"Success"
1494,"Success"
1495,"Success"
1496,"Success"
1497,"Success"
1498,"Success"
1499,"Failure"
1500,"Failure"
1501,"Success"
1502,"Failure"
1503,"Success"
1504,"Success"
1505,"Success"
1506,"Success"
1507,"Failure"
1508,"Failure"
1509,"Failure"
1510,"Failure"
1511,"Failure"
1512,"Failure"
1513,"Success"
1514,"Failure"
1515,"Failure"
1516,"Success"
1517,"Success"
1518,"Success"
1519,"Success"
1520,"Success"
1521,"Failure"
1522,"Success"
1523,"Failure"
1524,"Success"
1525,"Failure"
1526,"Success"
1527,"Success"
1528,"Failure"
1529,"Failure"
1530,"Failure"
1531,"Failure"
1532,"Success"
1533,"Failure"
1534,"Failure"
1535,"Failure"
1536,"Failure"
1537,"Success"
1538,"Failure"
1539,"Success"
1540,"Failure"
1541,"Success"
1542,"Success"
1543,"Success"
1544,"Failure"
1545,"Failure"
1546,"Success"
1547,"Failure"
1548,"Failure"
1549,"Failure"
1550,"Failure"
1551,"Failure"
1552,"Success"
1553,"Failure"
1554,"Success"
1555,"Success"
1556,"Success"
1557,"Failure"
1558,"Failure"
1559,"Success"
1560,"Success"
1561,"Success"
1562,"Failure"
1563,"Failure"
1564,"Success"
1565,"Failure"
1566,"Success"
1567,"Failure"
1568,"Failure"
1569,"Success"
1570,"Success"
1571,"Success"
1572,"Failure"
1573,"Success"
1574,"Success"
1575,"Success"
1576,"Failure"
1577,"Success"
1578,"Failure"
1579,"Failure"
1580,"Failure"
1581,"Success"
1582,"Failure"
1583,"Success"
1584,"Failure"
1585,"Success"
1586,"Success"
1587,"Failure"
1588,"Failure"
1589,"Failure"
1590,"Success"
1591,"Success"
1592,"Failure"
1593,"Failure"
1594,"Success"
1595,"Failure"
1596,"Failure"
1597,"Failure"
1598,"Success"
1599,"Success"
1600,"Failure"
1601,"Success"
1602,"Success"
1603,"Success"
1604,"Success"
1605,"Success"
1606,"Success"
1607,"Failure"
1608,"Failure"
1609,"Failure"
1610,"Failure"
1611,"Success"
1612,"Failure"
1613,"Failure"
1614,"Failure"
1615,"Success"
1616,"Failure"
1617,"Success"
1618,"Success"
1619,"Success"
1620,"Failure"
1621,"Failure"
1622,"Failure"
1623,"Success"
1624,"Failure"
1625,"Success"
1626,"Failure"
1627,"Success"
1628,"Failure"
1629,"Failure"
1630,"Success"
1631,"Failure"
1632,"Success"
1633,"Success"
1634,"Failure"
1635,"Success"
1636,"Success"
1637,"Success"
1638,"Success"
1639,"Failure"
1640,"Success"
1641,"Failure"
1642,"Success"
1643,"Success"
1644,"Success"
1645,"Failure"
1646,"Failure"
1647,"Failure"
1648,"Success"
1649,"Success"
1650,"Failure"
1651,"Success"
1652,"Failure"
1653,"Success"
1654,"Success"
1655,"Success"
1656,"Success"
1657,"Failure"
1658,"Failure"
1659,"Failure"
1660,"Failure"
1661,"Success"
1662,"Success"
1663,"Success"
1664,"Failure"
1665,"Success"
1666,"Success"
1667,"Failure"
1668,"Failure"
1669,"Failure"
1670,"Success"
1671,"Failure"
1672,"Success"
1673,"Failure"
1674,"Failure"
1675,"Success"
1676,"Failure"
1677,"Success"
1678,"Failure"
1679,"Failure"
1680,"Success"
1681,"Failure"
1682,"Success"
1683,"Failure"
1684,"Success"
1685,"Success"
1686,"Success"
1687,"Failure"
1688,"Failure"
1689,"Success"
1690,"Success"
1691,"Success"
1692,"Success"
1693,"Success"
1694,"Success"
1695,"Success"
1696,"Failure"
1697,"Success"
1698,"Failure"
1699,"Failure"
1700,"Failure"
1701,"Success"
1702,"Failure"
1703,"Failure"
1704,"Failure"
1705,"Success"
1706,"Success"
1707,"Success"
1708,"Failure"
1709,"Success"
1710,"Failure"
1711,"Success"
1712,"Failure"
1713,"Failure"
1714,"Success"
1715,"Success"
1716,"Failure"
1717,"Failure"
1718,"Failure"
1719,"Success"
1720,"Failure"
1721,"Success"
1722,"Failure"
1723,"Failure"
1724,"Failure"
1725,"Success"
1726,"Success"
1727,"Success"
1728,"Success"
1729,"Success"
1730,"Success"
1731,"Failure"
1732,"Success"
1733,"Failure"
1734,"Success"
1735,"Success"
1736,"Success"
1737,"Success"
1738,"Failure"
1739,"Failure"
1740,"Success"
1741,"Failure"
1742,"Failure"
1743,"Failure"
1744,"Success"
1745,"Failure"
1746,"Failure"
1747,"Success"
1748,"Failure"
1749,"Success"
1750,"Failure"
1751,"Failure"
1752,"Failure"
1753,"Success"
1754,"Failure"
1755,"Success"
1756,"Failure"
1757,"Failure"
1758,"Failure"
1759,"Failure"
1760,"Success"
1761,"Failure"
1762,"Success"
1763,"Success"
1764,"Success"
1765,"Failure"
1766,"Success"
1767,"Failure"
1768,"Success"
1769,"Failure"
1770,"Failure"
1771,"Success"
1772,"Success"
1773,"Failure"
1774,"Success"
1775,"Failure"
1776,"Failure"
1777,"Success"
1778,"Failure"
1779,"Failure"
1780,"Success"
1781,"Failure"
1782,"Failure"
1783,"Failure"
1784,"Failure"
1785,"Success"
1786,"Failure"
1787,"Failure"
1788,"Failure"
1789,"Success"
1790,"Failure"
1791,"Failure"
1792,"Failure"
1793,"Failure"
1794,"Failure"
1795,"Failure"
1796,"Success"
1797,"Success"
1798,"Success"
1799,"Failure"
1800,"Success"
1801,"Failure"
1802,"Failure"
1803,"Failure"
1804,"Failure"
1805,"Failure"
1806,"Failure"
1807,"Failure"
1808,"Failure"
1809,"Failure"
1810,"Success"
1811,"Failure"
1812,"Success"
1813,"Success"
1814,"Failure"
1815,"Failure"
1816,"Success"
1817,"Failure"
1818,"Failure"
1819,"Success"
1820,"Success"
1821,"Failure"
1822,"Failure"
1823,"Failure"
1824,"Success"
1825,"Failure"
1826,"Success"
1827,"Success"
1828,"Failure"
1829,"Success"
1830,"Success"
1831,"Failure"
1832,"Success"
1833,"Failure"
1834,"Failure"
1835,"Success"
1836,"Failure"
1837,"Failure"
1838,"Success"
1839,"Failure"
1840,"Failure"
1841,"Success"
1842,"Success"
1843,"Success"
1844,"Success"
1845,"Failure"
1846,"Success"
1847,"Failure"
1848,"Failure"
1849,"Failure"
1850,"Success"
1851,"Failure"
1852,"Success"
1853,"Failure"
1854,"Success"
1855,"Success"
1856,"Failure"
1857,"Failure"
1858,"Success"
1859,"Success"
1860,"Failure"
1861,"Success"
1862,"Success"
1863,"Success"
1864,"Failure"
1865,"Failure"
1866,"Failure"
1867,"Failure"
1868,"Success"
1869,"Failure"
1870,"Success"
1871,"Success"
1872,"Success"
1873,"Failure"
1874,"Success"
1875,"Success"
1876,"Success"
1877,"Success"
1878,"Failure"
1879,"Failure"
1880,"Success"
1881,"Failure"
1882,"Success"
1883,"Success"
1884,"Failure"
1885,"Failure"
1886,"Failure"
1887,"Failure"
1888,"Success"
1889,"Success"
1890,"Success"
1891,"Success"
1892,"Success"
1893,"Success"
1894,"Failure"
1895,"Success"
1896,"Success"
1897,"Failure"
1898,"Success"
1899,"Success"
1900,"Failure"
1901,"Failure"
1902,"Failure"
1903,"Success"
1904,"Success"
1905,"Failure"
1906,"Failure"
1907,"Failure"
1908,"Failure"
1909,"Success"
1910,"Success"
1911,"Success"
1912,"Failure"
1913,"Success"
1914,"Success"
1915,"Failure"
1916,"Failure"
1917,"Success"
1918,"Success"
1919,"Failure"
1920,"Success"
1921,"Failure"
1922,"Failure"
1923,"Failure"
1924,"Success"
1925,"Failure"
1926,"Success"
1927,"Failure"
1928,"Success"
1929,"Failure"
1930,"Success"
1931,"Failure"
1932,"Success"
1933,"Failure"
1934,"Failure"
1935,"Failure"
1936,"Success"
1937,"Failure"
1938,"Success"
1939,"Success"
1940,"Success"
1941,"Failure"
1942,"Failure"
1943,"Success"
1944,"Success"
1945,"Failure"
1946,"Failure"
1947,"Failure"
1948,"Success"
1949,"Success"
1950,"Success"
1951,"Failure"
1952,"Success"
1953,"Success"
1954,"Success"
1955,"Failure"
1956,"Success"
1957,"Failure"
1958,"Success"
1959,"Success"
1960,"Success"
1961,"Success"
1962,"Failure"
1963,"Failure"
1964,"Failure"
1965,"Failure"
1966,"Success"
1967,"Success"
1968,"Failure"
1969,"Success"
1970,"Success"
1971,"Success"
1972,"Failure"
1973,"Success"
1974,"Success"
1975,"Failure"
1976,"Failure"
1977,"Failure"
1978,"Success"
1979,"Success"
1980,"Success"
1981,"Failure"
1982,"Failure"
1983,"Success"
1984,"Success"
1985,"Success"
1986,"Success"
1987,"Failure"
1988,"Failure"
1989,"Failure"
1990,"Failure"
1991,"Success"
1992,"Success"
1993,"Success"
1994,"Failure"
1995,"Failure"
1996,"Success"
1997,"Failure"
1998,"Success"
1999,"Success"
2000,"Success"
2001,"Failure"
2002,"Failure"
2003,"Success"
2004,"Failure"
2005,"Failure"
2006,"Failure"
2007,"Success"
2008,"Failure"
2009,"Success"
2010,"Failure"
2011,"Failure"
2012,"Failure"
2013,"Success"
2014,"Success"
2015,"Success"
2016,"Success"
2017,"Failure"
2018,"Success"
2019,"Failure"
2020,"Success"
2021,"Failure"
2022,"Success"
2023,"Failure"
2024,"Success"
2025,"Success"
2026,"Failure"
2027,"Success"
2028,"Failure"
2029,"Success"
2030,"Failure"
2031,"Failure"
2032,"Success"
2033,"Failure"
2034,"Failure"
2035,"Failure"
2036,"Success"
2037,"Success"
2038,"Success"
2039,"Success"
2040,"Failure"
2041,"Failure"
2042,"Failure"
2043,"Failure"
2044,"Success"
2045,"Success"
2046,"Success"
2047,"Failure"
2048,"Failure"
2049,"Success"
2050,"Success"
2051,"Failure"
2052,"Failure"
2053,"Failure"
2054,"Failure"
2055,"Success"
2056,"Failure"
2057,"Success"
2058,"Success"
2059,"Failure"
2060,"Failure"
2061,"Success"
2062,"Success"
2063,"Failure"
2064,"Failure"
2065,"Failure"
2066,"Success"
2067,"Failure"
2068,"Success"
2069,"Success"
2070,"Success"
2071,"Success"
2072,"Failure"
2073,"Success"
2074,"Failure"
2075,"Success"
2076,"Failure"
2077,"Success"
2078,"Failure"
2079,"Success"
2080,"Success"
2081,"Failure"
2082,"Failure"
2083,"Failure"
2084,"Success"
2085,"Success"
2086,"Failure"
2087,"Failure"
2088,"Failure"
2089,"Failure"
2090,"Success"
2091,"Success"
2092,"Failure"
2093,"Failure"
2094,"Success"
2095,"Success"
2096,"Success"
2097,"Success"
2098,"Success"
2099,"Failure"
2100,"Success"
2101,"Failure"
2102,"Success"
2103,"Success"
2104,"Success"
2105,"Failure"
2106,"Success"
2107,"Success"
2108,"Success"
2109,"Success"
2110,"Failure"
2111,"Failure"
2112,"Success"
2113,"Success"
2114,"Success"
2115,"Failure"
2116,"Failure"
2117,"Success"
2118,"Success"
2119,"Success"
2120,"Success"
2121,"Failure"
2122,"Success"
2123,"Failure"
2124,"Failure"
2125,"Success"
2126,"Failure"
2127,"Failure"
2128,"Success"
2129,"Success"
2130,"Failure"
2131,"Success"
2132,"Failure"
2133,"Failure"
2134,"Success"
2135,"Success"
2136,"Failure"
2137,"Success"
2138,"Failure"
2139,"Failure"
2140,"Success"
2141,"Success"
2142,"Success"
2143,"Success"
2144,"Failure"
2145,"Success"
2146,"Failure"
2147,"Failure"
2148,"Failure"
2149,"Success"
2150,"Success"
2151,"Success"
2152,"Failure"
2153,"Failure"
2154,"Success"
2155,"Success"
2156,"Failure"
2157,"Failure"
2158,"Success"
2159,"Success"
2160,"Failure"
2161,"Success"
2162,"Success"
2163,"Success"
2164,"Failure"
2165,"Success"
2166,"Failure"
2167,"Failure"
2168,"Failure"
2169,"Success"
2170,"Success"
2171,"Success"
2172,"Success"
2173,"Success"
2174,"Failure"
2175,"Success"
2176,"Failure"
2177,"Success"
2178,"Failure"
2179,"Success"
2180,"Success"
2181,"Success"
2182,"Failure"
2183,"Success"
2184,"Success"
2185,"Failure"
2186,"Success"
2187,"Failure"
2188,"Failure"
2189,"Failure"
2190,"Failure"
2191,"Failure"
2192,"Success"
2193,"Success"
2194,"Failure"
2195,"Failure"
2196,"Success"
2197,"Success"
2198,"Failure"
2199,"Success"
2200,"Success"
2201,"Failure"
2202,"Success"
2203,"Failure"
2204,"Success"
2205,"Success"
2206,"Failure"
2207,"Failure"
2208,"Success"
2209,"Success"
2210,"Success"
2211,"Failure"
2212,"Failure"
2213,"Success"
2214,"Success"
2215,"Failure"
2216,"Success"
2217,"Success"
2218,"Success"
2219,"Failure"
2220,"Failure"
2221,"Success"
2222,"Failure"
2223,"Failure"
2224,"Success"
2225,"Success"
2226,"Success"
2227,"Failure"
2228,"Failure"
2229,"Success"
2230,"Success"
2231,"Success"
2232,"Failure"
2233,"Failure"
2234,"Failure"
2235,"Failure"
2236,"Failure"
2237,"Failure"
2238,"Failure"
2239,"Failure"
2240,"Failure"
2241,"Success"
2242,"Failure"
2243,"Success"
2244,"Success"
2245,"Success"
2246,"Success"
2247,"Success"
2248,"Failure"
2249,"Failure"
2250,"Failure"
2251,"Failure"
2252,"Success"
2253,"Failure"
2254,"Success"
2255,"Failure"
2256,"Failure"
2257,"Failure"
2258,"Failure"
2259,"Success"
2260,"Failure"
2261,"Success"
2262,"Failure"
2263,"Success"
2264,"Success"
2265,"Success"
2266,"Failure"
2267,"Success"
2268,"Success"
2269,"Failure"
2270,"Failure"
2271,"Success"
2272,"Success"
2273,"Success"
2274,"Failure"
2275,"Success"
2276,"Failure"
2277,"Success"
2278,"Failure"
2279,"Success"
2280,"Success"
2281,"Failure"
2282,"Success"
2283,"Failure"
2284,"Failure"
2285,"Success"
2286,"Success"
2287,"Failure"
2288,"Failure"
2289,"Success"
2290,"Failure"
2291,"Failure"
2292,"Failure"
2293,"Failure"
2294,"Success"
2295,"Success"
2296,"Success"
2297,"Failure"
2298,"Failure"
2299,"Success"
2300,"Success"
2301,"Failure"
2302,"Failure"
2303,"Success"
2304,"Success"
2305,"Success"
2306,"Failure"
2307,"Failure"
2308,"Failure"
2309,"Success"
2310,"Success"
2311,"Failure"
2312,"Success"
2313,"Success"
2314,"Failure"
2315,"Success"
2316,"Success"
2317,"Success"
2318,"Success"
2319,"Failure"
2320,"Failure"
2321,"Success"
2322,"Success"
2323,"Failure"
2324,"Success"
2325,"Failure"
2326,"Failure"
2327,"Failure"
2328,"Failure"
2329,"Success"
2330,"Success"
2331,"Success"
2332,"Failure"
2333,"Success"
2334,"Success"
2335,"Failure"
2336,"Failure"
2337,"Success"
2338,"Failure"
2339,"Failure"
2340,"Success"
2341,"Success"
2342,"Success"
2343,"Failure"
2344,"Success"
2345,"Success"
2346,"Failure"
2347,"Failure"
2348,"Success"
2349,"Success"
2350,"Success"
2351,"Success"
2352,"Success"
2353,"Failure"
2354,"Failure"
2355,"Success"
2356,"Success"
2357,"Success"
2358,"Success"
2359,"Failure"
2360,"Success"
2361,"Failure"
2362,"Success"
2363,"Failure"
2364,"Failure"
2365,"Success"
2366,"Failure"
2367,"Failure"
2368,"Success"
2369,"Failure"
2370,"Failure"
2371,"Failure"
2372,"Failure"
2373,"Failure"
2374,"Success"
2375,"Failure"
2376,"Success"
2377,"Failure"
2378,"Success"
2379,"Failure"
2380,"Failure"
2381,"Failure"
2382,"Failure"
2383,"Failure"
2384,"Success"
2385,"Failure"
2386,"Success"
2387,"Failure"
2388,"Failure"
2389,"Success"
2390,"Success"
2391,"Success"
2392,"Success"
2393,"Failure"
2394,"Failure"
2395,"Failure"
2396,"Failure"
2397,"Success"
2398,"Success"
2399,"Success"
2400,"Success"
2401,"Success"
2402,"Success"
2403,"Success"
2404,"Success"
2405,"Success"
2406,"Success"
2407,"Success"
2408,"Success"
2409,"Failure"
2410,"Failure"
2411,"Success"
2412,"Failure"
2413,"Success"
2414,"Success"
2415,"Failure"
2416,"Success"
2417,"Failure"
2418,"Failure"
2419,"Failure"
2420,"Success"
2421,"Failure"
2422,"Failure"
2423,"Failure"
2424,"Success"
2425,"Success"
2426,"Success"
2427,"Success"
2428,"Failure"
2429,"Success"
2430,"Failure"
2431,"Success"
2432,"Failure"
2433,"Failure"
2434,"Success"
2435,"Success"
2436,"Failure"
2437,"Success"
2438,"Success"
2439,"Failure"
2440,"Failure"
2441,"Success"
2442,"Success"
2443,"Failure"
2444,"Failure"
2445,"Success"
2446,"Failure"
2447,"Success"
2448,"Failure"
2449,"Failure"
2450,"Success"
2451,"Success"
2452,"Failure"
2453,"Failure"
2454,"Failure"
2455,"Failure"
2456,"Success"
2457,"Success"
2458,"Failure"
2459,"Success"
2460,"Failure"
2461,"Failure"
2462,"Success"
2463,"Success"
2464,"Failure"
2465,"Success"
2466,"Failure"
2467,"Failure"
2468,"Failure"
2469,"Success"
2470,"Failure"
2471,"Failure"
2472,"Failure"
2473,"Success"
2474,"Failure"
2475,"Success"
2476,"Success"
2477,"Success"
2478,"Failure"
2479,"Failure"
2480,"Success"
2481,"Success"
2482,"Failure"
2483,"Success"
2484,"Success"
2485,"Failure"
2486,"Success"
2487,"Failure"
2488,"Success"
2489,"Failure"
2490,"Success"
2491,"Failure"
2492,"Failure"
2493,"Failure"
2494,"Success"
2495,"Failure"
2496,"Failure"
2497,"Success"
2498,"Failure"
2499,"Failure"
2500,"Failure"
2501,"Success"
2502,"Failure"
2503,"Success"
2504,"Failure"
2505,"Success"
2506,"Failure"
2507,"Success"
2508,"Failure"
2509,"Success"
2510,"Success"
2511,"Success"
2512,"Failure"
2513,"Success"
2514,"Success"
2515,"Failure"
2516,"Success"
2517,"Failure"
2518,"Failure"
2519,"Success"
2520,"Success"
2521,"Failure"
2522,"Success"
2523,"Success"
2524,"Success"
2525,"Failure"
2526,"Failure"
2527,"Success"
2528,"Failure"
2529,"Failure"
2530,"Failure"
2531,"Success"
2532,"Failure"
2533,"Success"
2534,"Failure"
2535,"Failure"
2536,"Failure"
2537,"Success"
2538,"Failure"
2539,"Failure"
2540,"Success"
2541,"Success"
2542,"Success"
2543,"Failure"
2544,"Failure"
2545,"Failure"
2546,"Success"
2547,"Failure"
2548,"Failure"
2549,"Success"
2550,"Success"
2551,"Success"
2552,"Success"
2553,"Success"
2554,"Failure"
2555,"Success"
2556,"Success"
2557,"Success"
2558,"Failure"
2559,"Failure"
2560,"Failure"
2561,"Success"
2562,"Success"
2563,"Success"
2564,"Success"
2565,"Failure"
2566,"Failure"
2567,"Failure"
2568,"Failure"
2569,"Success"
2570,"Failure"
2571,"Success"
2572,"Success"
2573,"Success"
2574,"Success"
2575,"Failure"
2576,"Success"
2577,"Failure"
2578,"Failure"
2579,"Failure"
2580,"Failure"
2581,"Failure"
2582,"Failure"
2583,"Success"
2584,"Success"
2585,"Failure"
2586,"Success"
2587,"Failure"
2588,"Failure"
2589,"Failure"
2590,"Success"
2591,"Success"
2592,"Success"
2593,"Success"
2594,"Failure"
2595,"Success"
2596,"Failure"
2597,"Failure"
2598,"Success"
2599,"Failure"
2600,"Success"
2601,"Failure"
2602,"Success"
2603,"Success"
2604,"Success"
2605,"Success"
2606,"Success"
2607,"Success"
2608,"Failure"
2609,"Success"
2610,"Failure"
2611,"Failure"
2612,"Failure"
2613,"Success"
2614,"Failure"
2615,"Failure"
2616,"Success"
2617,"Failure"
2618,"Success"
2619,"Success"
2620,"Success"
2621,"Failure"
2622,"Failure"
2623,"Success"
2624,"Failure"
2625,"Success"
2626,"Success"
2627,"Success"
2628,"Failure"
2629,"Success"
2630,"Success"
2631,"Success"
2632,"Failure"
2633,"Success"
2634,"Success"
2635,"Failure"
2636,"Success"
2637,"Success"
2638,"Success"
2639,"Failure"
2640,"Failure"
2641,"Success"
2642,"Success"
2643,"Success"
2644,"Failure"
2645,"Failure"
2646,"Failure"
2647,"Failure"
2648,"Failure"
2649,"Failure"
2650,"Success"
2651,"Success"
2652,"Failure"
2653,"Success"
2654,"Failure"
2655,"Failure"
2656,"Failure"
2657,"Success"
2658,"Failure"
2659,"Success"
2660,"Failure"
2661,"Success"
2662,"Success"
2663,"Success"
2664,"Success"
2665,"Success"
2666,"Success"
2667,"Failure"
2668,"Success"
2669,"Failure"
2670,"Failure"
2671,"Failure"
2672,"Success"
2673,"Success"
2674,"Failure"
2675,"Success"
2676,"Success"
2677,"Failure"
2678,"Success"
2679,"Success"
2680,"Success"
2681,"Success"
2682,"Success"
2683,"Failure"
2684,"Success"
2685,"Failure"
2686,"Success"
2687,"Success"
2688,"Success"
2689,"Failure"
2690,"Success"
2691,"Success"
2692,"Failure"
2693,"Failure"
2694,"Failure"
2695,"Failure"
2696,"Failure"
2697,"Failure"
2698,"Failure"
2699,"Failure"
2700,"Failure"
2701,"Success"
2702,"Failure"
2703,"Success"
2704,"Success"
2705,"Failure"
2706,"Success"
2707,"Failure"
2708,"Success"
2709,"Success"
2710,"Success"
2711,"Failure"
2712,"Failure"
2713,"Success"
2714,"Success"
2715,"Failure"
2716,"Failure"
2717,"Failure"
2718,"Success"
2719,"Success"
2720,"Success"
2721,"Failure"
2722,"Failure"
2723,"Success"
2724,"Failure"
2725,"Failure"
2726,"Failure"
2727,"Failure"
2728,"Success"
2729,"Success"
2730,"Success"
2731,"Success"
2732,"Failure"
2733,"Failure"
2734,"Failure"
2735,"Success"
2736,"Success"
2737,"Failure"
2738,"Success"
2739,"Failure"
2740,"Success"
2741,"Success"
2742,"Success"
2743,"Success"
2744,"Success"
2745,"Success"
2746,"Failure"
2747,"Failure"
2748,"Failure"
2749,"Success"
2750,"Failure"
2751,"Failure"
2752,"Success"
2753,"Success"
2754,"Failure"
2755,"Success"
2756,"Failure"
2757,"Failure"
2758,"Failure"
2759,"Failure"
2760,"Success"
2761,"Failure"
2762,"Failure"
2763,"Success"
2764,"Failure"
2765,"Failure"
2766,"Failure"
2767,"Success"
2768,"Success"
2769,"Failure"
2770,"Success"
2771,"Success"
2772,"Success"
2773,"Failure"
2774,"Success"
2775,"Success"
2776,"Success"
2777,"Failure"
2778,"Failure"
2779,"Success"
2780,"Success"
2781,"Success"
2782,"Failure"
2783,"Failure"
2784,"Failure"
2785,"Success"
2786,"Success"
2787,"Success"
2788,"Success"
2789,"Failure"
2790,"Failure"
2791,"Success"
2792,"Success"
2793,"Success"
2794,"Success"
2795,"Failure"
2796,"Failure"
2797,"Success"
2798,"Failure"
2799,"Success"
2800,"Success"
2801,"Failure"
2802,"Success"
2803,"Success"
2804,"Success"
2805,"Success"
2806,"Failure"
2807,"Failure"
2808,"Failure"
2809,"Failure"
2810,"Failure"
2811,"Success"
2812,"Success"
2813,"Failure"
2814,"Failure"
2815,"Success"
2816,"Success"
2817,"Failure"
2818,"Success"
2819,"Failure"
2820,"Success"
2821,"Success"
2822,"Failure"
2823,"Success"
2824,"Success"
2825,"Failure"
2826,"Success"
2827,"Success"
2828,"Failure"
2829,"Failure"
2830,"Success"
2831,"Success"
2832,"Failure"
2833,"Failure"
2834,"Success"
2835,"Success"
2836,"Success"
2837,"Failure"
2838,"Success"
2839,"Success"
2840,"Failure"
2841,"Success"
2842,"Success"
2843,"Failure"
2844,"Failure"
2845,"Success"
2846,"Success"
2847,"Success"
2848,"Success"
2849,"Success"
2850,"Success"
2851,"Success"
2852,"Success"
2853,"Failure"
2854,"Success"
2855,"Success"
2856,"Success"
2857,"Success"
2858,"Failure"
2859,"Success"
2860,"Failure"
2861,"Success"
2862,"Failure"
2863,"Failure"
2864,"Failure"
2865,"Success"
2866,"Success"
2867,"Failure"
2868,"Success"
2869,"Success"
2870,"Success"
2871,"Failure"
2872,"Failure"
2873,"Success"
2874,"Success"
2875,"Success"
2876,"Success"
2877,"Success"
2878,"Success"
2879,"Failure"
2880,"Failure"
2881,"Success"
2882,"Failure"
2883,"Success"
2884,"Failure"
2885,"Success"
2886,"Success"
2887,"Failure"
2888,"Failure"
2889,"Success"
2890,"Success"
2891,"Failure"
2892,"Failure"
2893,"Success"
2894,"Failure"
2895,"Success"
2896,"Success"
2897,"Success"
2898,"Success"
2899,"Success"
2900,"Success"
2901,"Success"
2902,"Failure"
2903,"Success"
2904,"Failure"
2905,"Success"
2906,"Success"
2907,"Failure"
2908,"Success"
2909,"Success"
2910,"Failure"
2911,"Success"
2912,"Failure"
2913,"Failure"
2914,"Failure"
2915,"Success"
2916,"Failure"
2917,"Failure"
2918,"Failure"
2919,"Success"
2920,"Success"
2921,"Failure"
2922,"Failure"
2923,"Failure"
2924,"Success"
2925,"Success"
2926,"Failure"
2927,"Failure"
2928,"Success"
2929,"Success"
2930,"Failure"
2931,"Failure"
2932,"Failure"
2933,"Success"
2934,"Failure"
2935,"Success"
2936,"Success"
2937,"Success"
2938,"Success"
2939,"Failure"
2940,"Failure"
2941,"Failure"
2942,"Failure"
2943,"Success"
2944,"Failure"
2945,"Success"
2946,"Failure"
2947,"Success"
2948,"Failure"
2949,"Failure"
2950,"Failure"
2951,"Success"
2952,"Failure"
2953,"Failure"
2954,"Success"
2955,"Success"
2956,"Failure"
2957,"Success"
2958,"Failure"
2959,"Failure"
2960,"Failure"
2961,"Success"
2962,"Failure"
2963,"Success"
2964,"Success"
2965,"Success"
2966,"Success"
2967,"Success"
2968,"Success"
2969,"Failure"
2970,"Success"
2971,"Failure"
2972,"Success"
2973,"Success"
2974,"Failure"
2975,"Failure"
2976,"Success"
2977,"Failure"
2978,"Success"
2979,"Success"
2980,"Failure"
2981,"Success"
2982,"Failure"
2983,"Failure"
2984,"Failure"
2985,"Failure"
2986,"Failure"
2987,"Failure"
2988,"Success"
2989,"Success"
2990,"Failure"
2991,"Success"
2992,"Failure"
2993,"Failure"
2994,"Success"
2995,"Success"
2996,"Failure"
2997,"Success"
2998,"Success"
2999,"Failure"
3000,"Failure"
3001,"Failure"
3002,"Success"
3003,"Failure"
3004,"Success"
3005,"Failure"
3006,"Success"
3007,"Success"
3008,"Success"
3009,"Failure"
3010,"Success"
3011,"Success"
3012,"Success"
3013,"Failure"
3014,"Failure"
3015,"Failure"
3016,"Failure"
3017,"Failure"
3018,"Success"
3019,"Failure"
3020,"Failure"
3021,"Success"
3022,"Success"
3023,"Success"
3024,"Failure"
3025,"Failure"
3026,"Success"
3027,"Failure"
3028,"Success"
3029,"Success"
3030,"Success"
3031,"Failure"
3032,"Success"
3033,"Failure"
3034,"Failure"
3035,"Failure"
3036,"Success"
3037,"Failure"
3038,"Success"
3039,"Success"
3040,"Success"
3041,"Failure"
3042,"Success"
3043,"Failure"
3044,"Success"
3045,"Failure"
3046,"Failure"
3047,"Success"
3048,"Failure"
3049,"Success"
3050,"Success"
3051,"Failure"
3052,"Failure"
3053,"Failure"
3054,"Success"
3055,"Failure"
3056,"Success"
3057,"Success"
3058,"Success"
3059,"Success"
3060,"Success"
3061,"Failure"
3062,"Success"
3063,"Success"
3064,"Success"
3065,"Failure"
3066,"Failure"
3067,"Success"
3068,"Failure"
3069,"Success"
3070,"Success"
3071,"Success"
3072,"Failure"
3073,"Success"
3074,"Success"
3075,"Success"
3076,"Failure"
3077,"Success"
3078,"Failure"
3079,"Failure"
3080,"Failure"
3081,"Success"
3082,"Success"
3083,"Success"
3084,"Success"
3085,"Failure"
3086,"Success"
3087,"Failure"
3088,"Failure"
3089,"Success"
3090,"Success"
3091,"Success"
3092,"Failure"
3093,"Failure"
3094,"Success"
3095,"Failure"
3096,"Success"
3097,"Failure"
3098,"Success"
3099,"Success"
3100,"Failure"
3101,"Success"
3102,"Failure"
3103,"Failure"
3104,"Failure"
3105,"Failure"
3106,"Failure"
3107,"Failure"
3108,"Failure"
3109,"Success"
3110,"Failure"
3111,"Failure"
3112,"Success"
3113,"Failure"
3114,"Failure"
3115,"Failure"
3116,"Failure"
3117,"Failure"
3118,"Success"
3119,"Failure"
3120,"Success"
3121,"Failure"
3122,"Failure"
3123,"Failure"
3124,"Success"
3125,"Success"
3126,"Failure"
3127,"Failure"
3128,"Success"
3129,"Success"
3130,"Failure"
3131,"Failure"
3132,"Success"
3133,"Failure"
3134,"Failure"
3135,"Failure"
3136,"Failure"
3137,"Success"
3138,"Failure"
3139,"Failure"
3140,"Failure"
3141,"Failure"
3142,"Success"
3143,"Success"
3144,"Success"
3145,"Success"
3146,"Success"
3147,"Success"
3148,"Failure"
3149,"Success"
3150,"Success"
3151,"Success"
3152,"Failure"
3153,"Success"
3154,"Success"
3155,"Failure"
3156,"Failure"
3157,"Success"
3158,"Success"
3159,"Failure"
3160,"Success"
3161,"Failure"
3162,"Failure"
3163,"Failure"
3164,"Success"
3165,"Success"
3166,"Success"
3167,"Failure"
3168,"Success"
3169,"Success"
3170,"Success"
3171,"Success"
3172,"Success"
3173,"Success"
3174,"Failure"
3175,"Success"
3176,"Failure"
3177,"Failure"
3178,"Success"
3179,"Success"
3180,"Success"
3181,"Failure"
3182,"Success"
3183,"Failure"
3184,"Success"
3185,"Success"
3186,"Failure"
3187,"Success"
3188,"Failure"
3189,"Failure"
3190,"Success"
3191,"Success"
3192,"Failure"
3193,"Failure"
3194,"Success"
3195,"Success"
3196,"Failure"
3197,"Success"
3198,"Success"
3199,"Failure"
3200,"Failure"
3201,"Failure"
3202,"Failure"
3203,"Success"
3204,"Success"
3205,"Failure"
3206,"Success"
3207,"Success"
3208,"Success"
3209,"Failure"
3210,"Failure"
3211,"Success"
3212,"Failure"
3213,"Success"
3214,"Success"
3215,"Failure"
3216,"Success"
3217,"Failure"
3218,"Failure"
3219,"Success"
3220,"Success"
3221,"Failure"
3222,"Failure"
3223,"Failure"
3224,"Failure"
3225,"Success"
3226,"Failure"
3227,"Failure"
3228,"Failure"
3229,"Failure"
3230,"Success"
3231,"Failure"
3232,"Failure"
3233,"Failure"
3234,"Success"
3235,"Success"
3236,"Success"
3237,"Failure"
3238,"Failure"
3239,"Success"
3240,"Failure"
3241,"Failure"
3242,"Success"
3243,"Failure"
3244,"Failure"
3245,"Success"
3246,"Failure"
3247,"Failure"
3248,"Failure"
3249,"Failure"
3250,"Failure"
3251,"Success"
3252,"Success"
3253,"Failure"
3254,"Success"
3255,"Success"
3256,"Success"
3257,"Failure"
3258,"Success"
3259,"Success"
3260,"Failure"
3261,"Success"
3262,"Success"
3263,"Failure"
3264,"Failure"
3265,"Success"
3266,"Success"
3267,"Failure"
3268,"Success"
3269,"Failure"
3270,"Failure"
3271,"Success"
3272,"Success"
3273,"Success"
3274,"Success"
3275,"Failure"
3276,"Success"
3277,"Success"
3278,"Success"
3279,"Success"
3280,"Failure"
3281,"Success"
3282,"Failure"
3283,"Failure"
3284,"Failure"
3285,"Success"
3286,"Failure"
3287,"Success"
3288,"Success"
3289,"Failure"
3290,"Failure"
3291,"Success"
3292,"Failure"
3293,"Success"
3294,"Failure"
3295,"Failure"
3296,"Failure"
3297,"Failure"
3298,"Failure"
3299,"Success"
3300,"Failure"
3301,"Success"
3302,"Success"
3303,"Failure"
3304,"Failure"
3305,"Success"
3306,"Success"
3307,"Failure"
3308,"Success"
3309,"Success"
3310,"Success"
3311,"Success"
3312,"Success"
3313,"Success"
3314,"Failure"
3315,"Success"
3316,"Failure"
3317,"Success"
3318,"Success"
3319,"Failure"
3320,"Success"
3321,"Failure"
3322,"Success"
3323,"Failure"
3324,"Success"
3325,"Failure"
3326,"Failure"
3327,"Success"
3328,"Failure"
3329,"Success"
3330,"Success"
3331,"Failure"
3332,"Failure"
3333,"Failure"
3334,"Success"
3335,"Failure"
3336,"Failure"
3337,"Failure"
3338,"Success"
3339,"Success"
3340,"Success"
3341,"Success"
3342,"Success"
3343,"Failure"
3344,"Failure"
3345,"Success"
3346,"Success"
3347,"Success"
3348,"Failure"
3349,"Failure"
3350,"Success"
3351,"Failure"
3352,"Failure"
3353,"Failure"
3354,"Failure"
3355,"Success"
3356,"Success"
3357,"Failure"
3358,"Success"
3359,"Failure"
3360,"Failure"
3361,"Success"
3362,"Success"
3363,"Success"
3364,"Success"
3365,"Failure"
3366,"Failure"
3367,"Success"
3368,"Failure"
3369,"Success"
3370,"Failure"
3371,"Success"
3372,"Failure"
3373,"Failure"
3374,"Success"
3375,"Failure"
3376,"Success"
3377,"Success"
3378,"Failure"
3379,"Success"
3380,"Failure"
3381,"Success"
3382,"Success"
3383,"Failure"
3384,"Success"
3385,"Success"
3386,"Success"
3387,"Failure"
3388,"Success"
3389,"Failure"
3390,"Failure"
3391,"Success"
3392,"Failure"
3393,"Success"
3394,"Failure"
3395,"Success"
3396,"Success"
3397,"Failure"
3398,"Failure"
3399,"Failure"
3400,"Failure"
3401,"Success"
3402,"Failure"
3403,"Success"
3404,"Failure"
3405,"Success"
3406,"Failure"
3407,"Failure"
3408,"Success"
3409,"Success"
3410,"Success"
3411,"Failure"
3412,"Success"
3413,"Failure"
3414,"Failure"
3415,"Failure"
3416,"Failure"
3417,"Success"
3418,"Success"
3419,"Failure"
3420,"Success"
3421,"Success"
3422,"Success"
3423,"Success"
3424,"Success"
3425,"Success"
3426,"Failure"
3427,"Failure"
3428,"Failure"
3429,"Failure"
3430,"Failure"
3431,"Failure"
3432,"Success"
3433,"Success"
3434,"Failure"
3435,"Success"
3436,"Failure"
3437,"Success"
3438,"Failure"
3439,"Success"
3440,"Success"
3441,"Failure"
3442,"Success"
3443,"Failure"
3444,"Failure"
3445,"Success"
3446,"Success"
3447,"Success"
3448,"Failure"
3449,"Failure"
3450,"Failure"
3451,"Failure"
3452,"Failure"
3453,"Success"
3454,"Failure"
3455,"Success"
3456,"Success"
3457,"Failure"
3458,"Failure"
3459,"Failure"
3460,"Success"
3461,"Success"
3462,"Success"
3463,"Failure"
3464,"Success"
3465,"Success"
3466,"Failure"
3467,"Failure"
3468,"Failure"
3469,"Success"
3470,"Failure"
3471,"Failure"
3472,"Failure"
3473,"Success"
3474,"Success"
3475,"Failure"
3476,"Failure"
3477,"Failure"
3478,"Success"
3479,"Failure"
3480,"Failure"
3481,"Failure"
3482,"Success"
3483,"Success"
3484,"Failure"
3485,"Success"
3486,"Success"
3487,"Success"
3488,"Success"
3489,"Failure"
3490,"Success"
3491,"Success"
3492,"Failure"
3493,"Success"
3494,"Failure"
3495,"Success"
3496,"Failure"
3497,"Failure"
3498,"Success"
3499,"Success"
3500,"Success"
3501,"Failure"
3502,"Failure"
3503,"Failure"
3504,"Success"
3505,"Success"
3506,"Failure"
3507,"Failure"
3508,"Success"
3509,"Success"
3510,"Failure"
3511,"Failure"
3512,"Failure"
3513,"Failure"
3514,"Failure"
3515,"Success"
3516,"Success"
3517,"Success"
3518,"Success"
3519,"Failure"
3520,"Failure"
3521,"Failure"
3522,"Failure"
3523,"Success"
3524,"Failure"
3525,"Failure"
3526,"Failure"
3527,"Success"
3528,"Failure"
3529,"Success"
3530,"Success"
3531,"Success"
3532,"Failure"
3533,"Success"
3534,"Success"
3535,"Failure"
3536,"Success"
3537,"Failure"
3538,"Success"
3539,"Failure"
3540,"Failure"
3541,"Success"
3542,"Success"
3543,"Failure"
3544,"Failure"
3545,"Success"
3546,"Success"
3547,"Failure"
3548,"Failure"
3549,"Failure"
3550,"Failure"
3551,"Success"
3552,"Success"
3553,"Success"
3554,"Success"
3555,"Failure"
3556,"Failure"
3557,"Success"
3558,"Failure"
3559,"Success"
3560,"Failure"
3561,"Failure"
3562,"Success"
3563,"Success"
3564,"Success"
3565,"Success"
3566,"Failure"
3567,"Success"
3568,"Success"
3569,"Failure"
3570,"Failure"
3571,"Success"
3572,"Failure"
3573,"Failure"
3574,"Failure"
3575,"Failure"
3576,"Failure"
3577,"Success"
3578,"Success"
3579,"Failure"
3580,"Failure"
3581,"Success"
3582,"Failure"
3583,"Failure"
3584,"Failure"
3585,"Success"
3586,"Failure"
3587,"Success"
3588,"Success"
3589,"Failure"
3590,"Success"
3591,"Success"
3592,"Failure"
3593,"Success"
3594,"Failure"
3595,"Failure"
3596,"Success"
3597,"Success"
3598,"Failure"
3599,"Failure"
3600,"Failure"
3601,"Failure"
3602,"Success"
3603,"Success"
3604,"Failure"
3605,"Failure"
3606,"Failure"
3607,"Success"
3608,"Success"
3609,"Failure"
3610,"Failure"
3611,"Success"
3612,"Failure"
3613,"Success"
3614,"Success"
3615,"Failure"
3616,"Failure"
3617,"Success"
3618,"Failure"
3619,"Failure"
3620,"Success"
3621,"Failure"
3622,"Failure"
3623,"Failure"
3624,"Failure"
3625,"Failure"
3626,"Failure"
3627,"Success"
3628,"Failure"
3629,"Failure"
3630,"Failure"
3631,"Failure"
3632,"Success"
3633,"Success"
3634,"Success"
3635,"Failure"
3636,"Success"
3637,"Failure"
3638,"Failure"
3639,"Success"
3640,"Failure"
3641,"Success"
3642,"Failure"
3643,"Failure"
3644,"Success"
3645,"Success"
3646,"Failure"
3647,"Failure"
3648,"Failure"
3649,"Success"
3650,"Failure"
3651,"Success"
3652,"Failure"
3653,"Failure"
3654,"Success"
3655,"Failure"
3656,"Success"
3657,"Failure"
3658,"Success"
3659,"Success"
3660,"Success"
3661,"Success"
3662,"Failure"
3663,"Failure"
3664,"Failure"
3665,"Success"
3666,"Success"
3667,"Success"
3668,"Success"
3669,"Failure"
3670,"Failure"
3671,"Failure"
3672,"Success"
3673,"Success"
3674,"Success"
3675,"Success"
3676,"Success"
3677,"Failure"
3678,"Failure"
3679,"Success"
3680,"Success"
3681,"Failure"
3682,"Success"
3683,"Success"
3684,"Success"
3685,"Failure"
3686,"Success"
3687,"Success"
3688,"Failure"
3689,"Success"
3690,"Success"
3691,"Failure"
3692,"Failure"
3693,"Success"
3694,"Failure"
3695,"Failure"
3696,"Success"
3697,"Success"
3698,"Failure"
3699,"Failure"
3700,"Success"
3701,"Success"
3702,"Success"
3703,"Success"
3704,"Failure"
3705,"Failure"
3706,"Failure"
3707,"Failure"
3708,"Success"
3709,"Success"
3710,"Failure"
3711,"Success"
3712,"Success"
3713,"Success"
3714,"Failure"
3715,"Failure"
3716,"Failure"
3717,"Success"
3718,"Success"
3719,"Failure"
3720,"Success"
3721,"Success"
3722,"Failure"
3723,"Failure"
3724,"Success"
3725,"Success"
3726,"Failure"
3727,"Failure"
3728,"Failure"
3729,"Failure"
3730,"Success"
3731,"Failure"
3732,"Failure"
3733,"Success"
3734,"Success"
3735,"Failure"
3736,"Failure"
3737,"Success"
3738,"Failure"
3739,"Failure"
3740,"Failure"
3741,"Success"
3742,"Failure"
3743,"Success"
3744,"Success"
3745,"Failure"
3746,"Success"
3747,"Failure"
3748,"Success"
3749,"Success"
3750,"Success"
3751,"Success"
3752,"Success"
3753,"Success"
3754,"Success"
3755,"Failure"
3756,"Failure"
3757,"Failure"
3758,"Success"
3759,"Failure"
3760,"Success"
3761,"Success"
3762,"Success"
3763,"Success"
3764,"Failure"
3765,"Failure"
3766,"Failure"
3767,"Success"
3768,"Success"
3769,"Success"
3770,"Failure"
3771,"Success"
3772,"Failure"
3773,"Success"
3774,"Success"
3775,"Success"
3776,"Failure"
3777,"Success"
3778,"Success"
3779,"Success"
3780,"Failure"
3781,"Success"
3782,"Success"
3783,"Success"
3784,"Success"
3785,"Failure"
3786,"Success"
3787,"Failure"
3788,"Failure"
3789,"Success"
3790,"Success"
3791,"Failure"
3792,"Failure"
3793,"Failure"
3794,"Failure"
3795,"Failure"
3796,"Success"
3797,"Failure"
3798,"Success"
3799,"Success"
3800,"Success"
3801,"Failure"
3802,"Failure"
3803,"Success"
3804,"Success"
3805,"Success"
3806,"Success"
3807,"Failure"
3808,"Success"
3809,"Failure"
3810,"Failure"
3811,"Failure"
3812,"Success"
3813,"Success"
3814,"Failure"
3815,"Failure"
3816,"Success"
3817,"Success"
3818,"Success"
3819,"Failure"
3820,"Failure"
3821,"Success"
3822,"Failure"
3823,"Failure"
3824,"Failure"
3825,"Success"
3826,"Failure"
3827,"Success"
3828,"Failure"
3829,"Failure"
3830,"Success"
3831,"Success"
3832,"Failure"
3833,"Success"
3834,"Success"
3835,"Success"
3836,"Failure"
3837,"Success"
3838,"Success"
3839,"Success"
3840,"Failure"
3841,"Failure"
3842,"Failure"
3843,"Success"
3844,"Success"
3845,"Success"
3846,"Success"
3847,"Failure"
3848,"Success"
3849,"Success"
3850,"Success"
3851,"Success"
3852,"Failure"
3853,"Success"
3854,"Success"
3855,"Success"
3856,"Failure"
3857,"Success"
3858,"Success"
3859,"Failure"
3860,"Failure"
3861,"Failure"
3862,"Success"
3863,"Failure"
3864,"Failure"
3865,"Failure"
3866,"Failure"
3867,"Failure"
3868,"Success"
3869,"Failure"
3870,"Failure"
3871,"Success"
3872,"Success"
3873,"Success"
3874,"Failure"
3875,"Success"
3876,"Failure"
3877,"Failure"
3878,"Failure"
3879,"Failure"
3880,"Failure"
3881,"Success"
3882,"Success"
3883,"Success"
3884,"Success"
3885,"Failure"
3886,"Success"
3887,"Success"
3888,"Failure"
3889,"Failure"
3890,"Failure"
3891,"Failure"
3892,"Failure"
3893,"Failure"
3894,"Success"
3895,"Success"
3896,"Success"
3897,"Failure"
3898,"Success"
3899,"Failure"
3900,"Success"
3901,"Failure"
3902,"Success"
3903,"Success"
3904,"Success"
3905,"Success"
3906,"Failure"
3907,"Success"
3908,"Success"
3909,"Failure"
3910,"Success"
3911,"Success"
3912,"Failure"
3913,"Failure"
3914,"Success"
3915,"Failure"
3916,"Failure"
3917,"Success"
3918,"Success"
3919,"Success"
3920,"Success"
3921,"Success"
3922,"Failure"
3923,"Failure"
3924,"Success"
3925,"Success"
3926,"Success"
3927,"Failure"
3928,"Success"
3929,"Failure"
3930,"Success"
3931,"Failure"
3932,"Success"
3933,"Failure"
3934,"Success"
3935,"Success"
3936,"Success"
3937,"Failure"
3938,"Success"
3939,"Failure"
3940,"Failure"
3941,"Failure"
3942,"Success"
3943,"Failure"
3944,"Success"
3945,"Success"
3946,"Success"
3947,"Failure"
3948,"Success"
3949,"Failure"
3950,"Failure"
3951,"Failure"
3952,"Success"
3953,"Failure"
3954,"Failure"
3955,"Success"
3956,"Success"
3957,"Failure"
3958,"Success"
3959,"Success"
3960,"Success"
3961,"Success"
3962,"Failure"
3963,"Success"
3964,"Success"
3965,"Success"
3966,"Failure"
3967,"Success"
3968,"Success"
3969,"Success"
3970,"Failure"
3971,"Failure"
3972,"Success"
3973,"Success"
3974,"Failure"
3975,"Success"
3976,"Failure"
3977,"Success"
3978,"Failure"
3979,"Success"
3980,"Success"
3981,"Success"
3982,"Success"
3983,"Success"
3984,"Failure"
3985,"Failure"
3986,"Success"
3987,"Failure"
3988,"Failure"
3989,"Failure"
3990,"Failure"
3991,"Success"
3992,"Failure"
3993,"Success"
3994,"Failure"
3995,"Failure"
3996,"Failure"
3997,"Success"
3998,"Success"
3999,"Success"
4000,"Failure"
